codigo,distrito,provincia,canton,condicion,total,subtotal,prevalencia,desempleo,poblacion_urbana,privacion_critica,poblacion_menor_14,hogares_monomarentales,ocupantes_por_hogar,anos_escolaridad
1011,EL CARMEN,SAN JOSE,SAN JOSE,obesidad,318.0,45.0,0.14,2.7,100.0,6.16,10.03,39.06,2.44,11.9805054
1011,EL CARMEN,SAN JOSE,SAN JOSE,sobrepeso,318.0,69.00,0.22,2.7,100.0,6.16,10.03,39.06,2.44,11.9805054
1011,EL CARMEN,SAN JOSE,SAN JOSE,combinada,318.0,114.00,0.36,2.7,100.0,6.16,10.03,39.06,2.44,11.9805054
1012,MERCED,SAN JOSE,SAN JOSE,obesidad,1039.0,155.0,0.15,3.79,100.0,24.77,21.23,30.56,3.22,9.4448109
1012,MERCED,SAN JOSE,SAN JOSE,combinada,1039.0,383.00,0.37,3.79,100.0,24.77,21.23,30.56,3.22,9.4448109
1012,MERCED,SAN JOSE,SAN JOSE,sobrepeso,1039.0,228.00,0.22,3.79,100.0,24.77,21.23,30.56,3.22,9.4448109
1013,HOSPITAL,SAN JOSE,SAN JOSE,obesidad,1891.0,338.0,0.18,4.43,100.0,24.79,21.66,30.31,3.46,8.8488623
1013,HOSPITAL,SAN JOSE,SAN JOSE,sobrepeso,1891.0,400.00,0.21,4.43,100.0,24.79,21.66,30.31,3.46,8.8488623
1013,HOSPITAL,SAN JOSE,SAN JOSE,combinada,1891.0,738.00,0.39,4.43,100.0,24.79,21.66,30.31,3.46,8.8488623
1014,CATEDRAL,SAN JOSE,SAN JOSE,combinada,977.0,392.00,0.4,3.36,100.0,15.03,16.96,35.0,2.85,10.4774822
1014,CATEDRAL,SAN JOSE,SAN JOSE,obesidad,977.0,168.0,0.17,3.36,100.0,15.03,16.96,35.0,2.85,10.4774822
1014,CATEDRAL,SAN JOSE,SAN JOSE,sobrepeso,977.0,224.00,0.23,3.36,100.0,15.03,16.96,35.0,2.85,10.4774822
1015,ZAPOTE,SAN JOSE,SAN JOSE,combinada,1013.0,390.00,0.38,2.92,100.0,10.33,16.78,34.65,3.11,11.1955208
1015,ZAPOTE,SAN JOSE,SAN JOSE,obesidad,1013.0,171.0,0.17,2.92,100.0,10.33,16.78,34.65,3.11,11.1955208
1015,ZAPOTE,SAN JOSE,SAN JOSE,sobrepeso,1013.0,219.00,0.22,2.92,100.0,10.33,16.78,34.65,3.11,11.1955208
1016,SAN FRANCISCO DE DOS RIOS,SAN JOSE,SAN JOSE,obesidad,1132.0,199.0,0.18,2.34,100.0,9.0,16.4,30.57,3.17,11.8381503
1016,SAN FRANCISCO DE DOS RIOS,SAN JOSE,SAN JOSE,combinada,1132.0,476.00,0.42,2.34,100.0,9.0,16.4,30.57,3.17,11.8381503
1016,SAN FRANCISCO DE DOS RIOS,SAN JOSE,SAN JOSE,sobrepeso,1132.0,277.00,0.24,2.34,100.0,9.0,16.4,30.57,3.17,11.8381503
1017,URUCA,SAN JOSE,SAN JOSE,combinada,3179.0,"1,005.00",0.32,4.03,100.0,38.83,28.4,24.13,3.65,8.5745212
1017,URUCA,SAN JOSE,SAN JOSE,obesidad,3179.0,361.0,0.11,4.03,100.0,38.83,28.4,24.13,3.65,8.5745212
1017,URUCA,SAN JOSE,SAN JOSE,sobrepeso,3179.0,644.00,0.2,4.03,100.0,38.83,28.4,24.13,3.65,8.5745212
1018,MATA REDONDA,SAN JOSE,SAN JOSE,combinada,316.0,122.00,0.39,3.43,100.0,9.31,14.87,32.85,2.8,12.21103
1018,MATA REDONDA,SAN JOSE,SAN JOSE,sobrepeso,316.0,67.00,0.21,3.43,100.0,9.31,14.87,32.85,2.8,12.21103
1018,MATA REDONDA,SAN JOSE,SAN JOSE,obesidad,316.0,55.0,0.17,3.43,100.0,9.31,14.87,32.85,2.8,12.21103
1019,PAVAS,SAN JOSE,SAN JOSE,combinada,3206.0,"1,127.00",0.35,4.23,100.0,22.64,23.64,27.69,3.65,9.1884926
1019,PAVAS,SAN JOSE,SAN JOSE,sobrepeso,3206.0,654.00,0.2,4.23,100.0,22.64,23.64,27.69,3.65,9.1884926
1019,PAVAS,SAN JOSE,SAN JOSE,obesidad,3206.0,473.0,0.15,4.23,100.0,22.64,23.64,27.69,3.65,9.1884926
1021,ESCAZU,SAN JOSE,ESCAZU,sobrepeso,1932.0,400.00,0.21,3.43,100.0,18.26,20.06,29.08,3.34,10.2136997
1021,ESCAZU,SAN JOSE,ESCAZU,obesidad,1932.0,261.0,0.14,3.43,100.0,18.26,20.06,29.08,3.34,10.2136997
1021,ESCAZU,SAN JOSE,ESCAZU,combinada,1932.0,661.00,0.34,3.43,100.0,18.26,20.06,29.08,3.34,10.2136997
1022,SAN ANTONIO,SAN JOSE,ESCAZU,combinada,1356.0,512.00,0.38,3.01,98.18,21.22,22.21,23.08,3.55,9.0623152
1022,SAN ANTONIO,SAN JOSE,ESCAZU,sobrepeso,1356.0,311.00,0.23,3.01,98.18,21.22,22.21,23.08,3.55,9.0623152
1022,SAN ANTONIO,SAN JOSE,ESCAZU,obesidad,1356.0,201.0,0.15,3.01,98.18,21.22,22.21,23.08,3.55,9.0623152
1023,SAN RAFAEL,SAN JOSE,ESCAZU,sobrepeso,864.0,173.00,0.2,2.86,100.0,9.46,19.56,22.44,3.16,12.2165342
1023,SAN RAFAEL,SAN JOSE,ESCAZU,combinada,864.0,288.00,0.33,2.86,100.0,9.46,19.56,22.44,3.16,12.2165342
1023,SAN RAFAEL,SAN JOSE,ESCAZU,obesidad,864.0,115.0,0.13,2.86,100.0,9.46,19.56,22.44,3.16,12.2165342
1031,DESAMPARADOS,SAN JOSE,DESAMPARADOS,combinada,2536.0,975.00,0.38,4.82,100.0,14.95,20.42,31.15,3.34,9.9710024
1031,DESAMPARADOS,SAN JOSE,DESAMPARADOS,sobrepeso,2536.0,571.00,0.23,4.82,100.0,14.95,20.42,31.15,3.34,9.9710024
1031,DESAMPARADOS,SAN JOSE,DESAMPARADOS,obesidad,2536.0,404.0,0.16,4.82,100.0,14.95,20.42,31.15,3.34,9.9710024
1032,SAN MIGUEL,SAN JOSE,DESAMPARADOS,obesidad,4647.0,668.0,0.14,3.88,94.98,18.51,24.32,25.11,3.64,8.6806482
1032,SAN MIGUEL,SAN JOSE,DESAMPARADOS,sobrepeso,4647.0,918.00,0.2,3.88,94.98,18.51,24.32,25.11,3.64,8.6806482
1032,SAN MIGUEL,SAN JOSE,DESAMPARADOS,combinada,4647.0,"1,586.00",0.34,3.88,94.98,18.51,24.32,25.11,3.64,8.6806482
1033,SAN JUAN DE DIOS,SAN JOSE,DESAMPARADOS,combinada,1404.0,505.00,0.36,3.57,100.0,22.6,25.76,25.4,3.68,8.2128881
1033,SAN JUAN DE DIOS,SAN JOSE,DESAMPARADOS,sobrepeso,1404.0,290.00,0.21,3.57,100.0,22.6,25.76,25.4,3.68,8.2128881
1033,SAN JUAN DE DIOS,SAN JOSE,DESAMPARADOS,obesidad,1404.0,215.0,0.15,3.57,100.0,22.6,25.76,25.4,3.68,8.2128881
1034,SAN RAFAEL ARRIBA,SAN JOSE,DESAMPARADOS,obesidad,1880.0,301.0,0.16,3.8,100.0,17.21,22.47,23.97,3.48,9.0837073
1034,SAN RAFAEL ARRIBA,SAN JOSE,DESAMPARADOS,combinada,1880.0,740.00,0.39,3.8,100.0,17.21,22.47,23.97,3.48,9.0837073
1034,SAN RAFAEL ARRIBA,SAN JOSE,DESAMPARADOS,sobrepeso,1880.0,439.00,0.23,3.8,100.0,17.21,22.47,23.97,3.48,9.0837073
1035,SAN ANTONIO,SAN JOSE,DESAMPARADOS,combinada,797.0,298.00,0.37,2.88,100.0,9.69,18.49,27.07,3.2,10.8785511
1035,SAN ANTONIO,SAN JOSE,DESAMPARADOS,sobrepeso,797.0,165.00,0.21,2.88,100.0,9.69,18.49,27.07,3.2,10.8785511
1035,SAN ANTONIO,SAN JOSE,DESAMPARADOS,obesidad,797.0,133.0,0.17,2.88,100.0,9.69,18.49,27.07,3.2,10.8785511
1036,FRAILES,SAN JOSE,DESAMPARADOS,sobrepeso,250.0,41.00,0.16,4.16,13.04,32.83,24.6,16.93,3.53,7.372026
1036,FRAILES,SAN JOSE,DESAMPARADOS,combinada,250.0,76.00,0.3,4.16,13.04,32.83,24.6,16.93,3.53,7.372026
1036,FRAILES,SAN JOSE,DESAMPARADOS,obesidad,250.0,35.0,0.14,4.16,13.04,32.83,24.6,16.93,3.53,7.372026
1037,PATARRA,SAN JOSE,DESAMPARADOS,sobrepeso,678.0,137.00,0.2,3.79,86.83,24.65,26.04,21.16,3.67,8.2316434
1037,PATARRA,SAN JOSE,DESAMPARADOS,obesidad,678.0,86.0,0.13,3.79,86.83,24.65,26.04,21.16,3.67,8.2316434
1037,PATARRA,SAN JOSE,DESAMPARADOS,combinada,678.0,223.00,0.33,3.79,86.83,24.65,26.04,21.16,3.67,8.2316434
1038,SAN CRISTOBAL,SAN JOSE,DESAMPARADOS,combinada,362.0,111.00,0.31,2.31,0.0,33.43,27.3,16.2,3.68,7.3036577
1038,SAN CRISTOBAL,SAN JOSE,DESAMPARADOS,sobrepeso,362.0,73.00,0.2,2.31,0.0,33.43,27.3,16.2,3.68,7.3036577
1038,SAN CRISTOBAL,SAN JOSE,DESAMPARADOS,obesidad,362.0,38.0,0.1,2.31,0.0,33.43,27.3,16.2,3.68,7.3036577
1039,ROSARIO,SAN JOSE,DESAMPARADOS,obesidad,422.0,60.0,0.14,2.0,0.0,32.0,26.13,19.29,3.44,7.1860262
1039,ROSARIO,SAN JOSE,DESAMPARADOS,sobrepeso,422.0,74.00,0.18,2.0,0.0,32.0,26.13,19.29,3.44,7.1860262
1039,ROSARIO,SAN JOSE,DESAMPARADOS,combinada,422.0,134.00,0.32,2.0,0.0,32.0,26.13,19.29,3.44,7.1860262
1041,SANTIAGO,SAN JOSE,PURISCAL,sobrepeso,773.0,175.00,0.23,2.72,65.41,16.27,20.76,28.37,3.29,9.6346926
1041,SANTIAGO,SAN JOSE,PURISCAL,obesidad,773.0,139.0,0.18,2.72,65.41,16.27,20.76,28.37,3.29,9.6346926
1041,SANTIAGO,SAN JOSE,PURISCAL,combinada,773.0,314.00,0.41,2.72,65.41,16.27,20.76,28.37,3.29,9.6346926
1042,MERCEDES SUR,SAN JOSE,PURISCAL,obesidad,529.0,80.0,0.15,2.7,0.0,31.24,22.23,21.46,3.26,8.0247132
1042,MERCEDES SUR,SAN JOSE,PURISCAL,sobrepeso,529.0,124.00,0.23,2.7,0.0,31.24,22.23,21.46,3.26,8.0247132
1042,MERCEDES SUR,SAN JOSE,PURISCAL,combinada,529.0,204.00,0.39,2.7,0.0,31.24,22.23,21.46,3.26,8.0247132
1043,BARBACOAS,SAN JOSE,PURISCAL,obesidad,380.0,67.0,0.18,3.14,5.53,23.48,23.13,20.95,3.45,8.0737931
1043,BARBACOAS,SAN JOSE,PURISCAL,combinada,380.0,170.00,0.45,3.14,5.53,23.48,23.13,20.95,3.45,8.0737931
1043,BARBACOAS,SAN JOSE,PURISCAL,sobrepeso,380.0,103.00,0.27,3.14,5.53,23.48,23.13,20.95,3.45,8.0737931
1044,GRIFO ALTO,SAN JOSE,PURISCAL,sobrepeso,90.0,19.00,0.21,3.16,0.0,32.95,22.0,18.34,3.39,7.5590717
1044,GRIFO ALTO,SAN JOSE,PURISCAL,combinada,90.0,38.00,0.42,3.16,0.0,32.95,22.0,18.34,3.39,7.5590717
1044,GRIFO ALTO,SAN JOSE,PURISCAL,obesidad,90.0,19.0,0.21,3.16,0.0,32.95,22.0,18.34,3.39,7.5590717
1045,SAN RAFAEL,SAN JOSE,PURISCAL,sobrepeso,93.0,21.00,0.23,2.77,0.0,24.32,18.55,24.68,3.14,7.9578059
1045,SAN RAFAEL,SAN JOSE,PURISCAL,obesidad,93.0,17.0,0.18,2.77,0.0,24.32,18.55,24.68,3.14,7.9578059
1045,SAN RAFAEL,SAN JOSE,PURISCAL,combinada,93.0,38.00,0.41,2.77,0.0,24.32,18.55,24.68,3.14,7.9578059
1046,CANDELARITA,SAN JOSE,PURISCAL,combinada,103.0,47.00,0.46,1.87,0.0,34.11,22.56,19.64,3.71,7.0779221
1046,CANDELARITA,SAN JOSE,PURISCAL,obesidad,103.0,20.0,0.19,1.87,0.0,34.11,22.56,19.64,3.71,7.0779221
1046,CANDELARITA,SAN JOSE,PURISCAL,sobrepeso,103.0,27.00,0.26,1.87,0.0,34.11,22.56,19.64,3.71,7.0779221
1047,DESAMPARADITOS,SAN JOSE,PURISCAL,combinada,75.0,38.00,0.51,1.12,0.0,20.9,18.62,18.41,3.31,9.4761905
1047,DESAMPARADITOS,SAN JOSE,PURISCAL,sobrepeso,75.0,21.00,0.28,1.12,0.0,20.9,18.62,18.41,3.31,9.4761905
1047,DESAMPARADITOS,SAN JOSE,PURISCAL,obesidad,75.0,17.0,0.23,1.12,0.0,20.9,18.62,18.41,3.31,9.4761905
1048,SAN ANTONIO,SAN JOSE,PURISCAL,obesidad,340.0,56.0,0.16,4.16,0.0,22.94,23.43,20.28,3.44,8.5617902
1048,SAN ANTONIO,SAN JOSE,PURISCAL,combinada,340.0,119.00,0.35,4.16,0.0,22.94,23.43,20.28,3.44,8.5617902
1048,SAN ANTONIO,SAN JOSE,PURISCAL,sobrepeso,340.0,63.00,0.19,4.16,0.0,22.94,23.43,20.28,3.44,8.5617902
1049,CHIRES,SAN JOSE,PURISCAL,obesidad,187.0,32.0,0.17,5.06,0.0,33.44,24.48,14.24,3.27,6.3894052
1049,CHIRES,SAN JOSE,PURISCAL,sobrepeso,187.0,42.00,0.22,5.06,0.0,33.44,24.48,14.24,3.27,6.3894052
1049,CHIRES,SAN JOSE,PURISCAL,combinada,187.0,74.00,0.4,5.06,0.0,33.44,24.48,14.24,3.27,6.3894052
1051,SAN MARCOS,SAN JOSE,TARRAZU,sobrepeso,809.0,141.00,0.17,3.17,67.85,24.89,25.68,22.25,3.43,7.9986887
1051,SAN MARCOS,SAN JOSE,TARRAZU,combinada,809.0,236.00,0.29,3.17,67.85,24.89,25.68,22.25,3.43,7.9986887
1051,SAN MARCOS,SAN JOSE,TARRAZU,obesidad,809.0,95.0,0.12,3.17,67.85,24.89,25.68,22.25,3.43,7.9986887
1052,SAN LORENZO,SAN JOSE,TARRAZU,sobrepeso,293.0,62.00,0.21,2.49,32.11,43.34,29.09,14.85,3.57,6.7293729
1052,SAN LORENZO,SAN JOSE,TARRAZU,combinada,293.0,84.00,0.29,2.49,32.11,43.34,29.09,14.85,3.57,6.7293729
1052,SAN LORENZO,SAN JOSE,TARRAZU,obesidad,293.0,22.0,0.08,2.49,32.11,43.34,29.09,14.85,3.57,6.7293729
1053,SAN CARLOS,SAN JOSE,TARRAZU,obesidad,199.0,16.0,0.08,1.13,0.0,49.69,33.6,9.94,3.92,5.6444805
1053,SAN CARLOS,SAN JOSE,TARRAZU,sobrepeso,199.0,35.00,0.18,1.13,0.0,49.69,33.6,9.94,3.92,5.6444805
1053,SAN CARLOS,SAN JOSE,TARRAZU,combinada,199.0,51.00,0.26,1.13,0.0,49.69,33.6,9.94,3.92,5.6444805
1061,ASERRI,SAN JOSE,ASERRI,obesidad,2368.0,393.0,0.17,3.43,94.21,20.28,24.48,25.78,3.52,8.804408
1061,ASERRI,SAN JOSE,ASERRI,sobrepeso,2368.0,483.00,0.2,3.43,94.21,20.28,24.48,25.78,3.52,8.804408
1061,ASERRI,SAN JOSE,ASERRI,combinada,2368.0,876.00,0.37,3.43,94.21,20.28,24.48,25.78,3.52,8.804408
1062,TARBACA,SAN JOSE,ASERRI,sobrepeso,143.0,18.00,0.13,4.27,0.0,28.25,24.2,16.25,3.62,7.6540643
1062,TARBACA,SAN JOSE,ASERRI,combinada,143.0,39.00,0.27,4.27,0.0,28.25,24.2,16.25,3.62,7.6540643
1062,TARBACA,SAN JOSE,ASERRI,obesidad,143.0,21.0,0.15,4.27,0.0,28.25,24.2,16.25,3.62,7.6540643
1063,VUELTA DE JORCO,SAN JOSE,ASERRI,combinada,524.0,178.00,0.34,2.98,35.39,29.2,23.74,20.33,3.43,7.6594573
1063,VUELTA DE JORCO,SAN JOSE,ASERRI,obesidad,524.0,91.0,0.17,2.98,35.39,29.2,23.74,20.33,3.43,7.6594573
1063,VUELTA DE JORCO,SAN JOSE,ASERRI,sobrepeso,524.0,87.00,0.17,2.98,35.39,29.2,23.74,20.33,3.43,7.6594573
1064,SAN GABRIEL,SAN JOSE,ASERRI,combinada,372.0,130.00,0.35,2.26,18.3,26.62,25.41,22.36,3.53,7.6615721
1064,SAN GABRIEL,SAN JOSE,ASERRI,sobrepeso,372.0,79.00,0.21,2.26,18.3,26.62,25.41,22.36,3.53,7.6615721
1064,SAN GABRIEL,SAN JOSE,ASERRI,obesidad,372.0,51.0,0.14,2.26,18.3,26.62,25.41,22.36,3.53,7.6615721
1065,LEGUA,SAN JOSE,ASERRI,obesidad,130.0,18.0,0.14,2.71,0.0,43.45,30.11,14.56,3.69,6.3152805
1065,LEGUA,SAN JOSE,ASERRI,sobrepeso,130.0,34.00,0.26,2.71,0.0,43.45,30.11,14.56,3.69,6.3152805
1065,LEGUA,SAN JOSE,ASERRI,combinada,130.0,52.00,0.4,2.71,0.0,43.45,30.11,14.56,3.69,6.3152805
1066,MONTERREY,SAN JOSE,ASERRI,obesidad,82.0,17.0,0.21,2.94,37.95,37.58,27.31,24.83,3.34,6.25
1066,MONTERREY,SAN JOSE,ASERRI,sobrepeso,82.0,15.00,0.18,2.94,37.95,37.58,27.31,24.83,3.34,6.25
1066,MONTERREY,SAN JOSE,ASERRI,combinada,82.0,32.00,0.39,2.94,37.95,37.58,27.31,24.83,3.34,6.25
1067,SALITRILLOS,SAN JOSE,ASERRI,sobrepeso,816.0,178.00,0.22,3.33,80.61,31.07,26.1,23.29,3.62,7.7399961
1067,SALITRILLOS,SAN JOSE,ASERRI,combinada,816.0,288.00,0.35,3.33,80.61,31.07,26.1,23.29,3.62,7.7399961
1067,SALITRILLOS,SAN JOSE,ASERRI,obesidad,816.0,110.0,0.13,3.33,80.61,31.07,26.1,23.29,3.62,7.7399961
1071,COLON,SAN JOSE,MORA,combinada,1165.0,442.00,0.38,3.21,70.01,16.25,21.42,22.34,3.31,10.0266085
1071,COLON,SAN JOSE,MORA,obesidad,1165.0,192.0,0.16,3.21,70.01,16.25,21.42,22.34,3.31,10.0266085
1071,COLON,SAN JOSE,MORA,sobrepeso,1165.0,250.00,0.21,3.21,70.01,16.25,21.42,22.34,3.31,10.0266085
1072,GUAYABO,SAN JOSE,MORA,sobrepeso,404.0,91.00,0.23,2.54,11.89,25.62,24.01,24.07,3.45,8.2411308
1072,GUAYABO,SAN JOSE,MORA,combinada,404.0,158.00,0.39,2.54,11.89,25.62,24.01,24.07,3.45,8.2411308
1072,GUAYABO,SAN JOSE,MORA,obesidad,404.0,67.0,0.17,2.54,11.89,25.62,24.01,24.07,3.45,8.2411308
1073,TABARCIA,SAN JOSE,MORA,obesidad,643.0,109.0,0.17,4.14,6.1,29.81,24.28,22.97,3.39,7.7589237
1073,TABARCIA,SAN JOSE,MORA,combinada,643.0,238.00,0.37,4.14,6.1,29.81,24.28,22.97,3.39,7.7589237
1073,TABARCIA,SAN JOSE,MORA,sobrepeso,643.0,129.00,0.2,4.14,6.1,29.81,24.28,22.97,3.39,7.7589237
1074,PIEDRAS NEGRAS,SAN JOSE,MORA,combinada,29.0,11.00,0.38,3.48,0.0,50.86,24.01,14.66,3.27,6.9051095
1074,PIEDRAS NEGRAS,SAN JOSE,MORA,sobrepeso,29.0,6.00,0.21,3.48,0.0,50.86,24.01,14.66,3.27,6.9051095
1074,PIEDRAS NEGRAS,SAN JOSE,MORA,obesidad,29.0,5.0,0.17,3.48,0.0,50.86,24.01,14.66,3.27,6.9051095
1075,PICAGRES,SAN JOSE,MORA,combinada,58.0,32.00,0.55,2.27,0.0,42.47,19.7,20.09,3.08,7.2911877
1075,PICAGRES,SAN JOSE,MORA,sobrepeso,58.0,16.00,0.28,2.27,0.0,42.47,19.7,20.09,3.08,7.2911877
1075,PICAGRES,SAN JOSE,MORA,obesidad,58.0,16.0,0.28,2.27,0.0,42.47,19.7,20.09,3.08,7.2911877
1081,GUADALUPE,SAN JOSE,GOICOECHEA,sobrepeso,1513.0,337.00,0.22,3.18,100.0,10.76,15.47,34.09,3.05,10.6197949
1081,GUADALUPE,SAN JOSE,GOICOECHEA,obesidad,1513.0,224.0,0.15,3.18,100.0,10.76,15.47,34.09,3.05,10.6197949
1081,GUADALUPE,SAN JOSE,GOICOECHEA,combinada,1513.0,561.00,0.37,3.18,100.0,10.76,15.47,34.09,3.05,10.6197949
1082,SAN FRANCISCO,SAN JOSE,GOICOECHEA,obesidad,165.0,25.0,0.15,4.41,100.0,20.37,17.13,35.65,3.12,9.5037513
1082,SAN FRANCISCO,SAN JOSE,GOICOECHEA,sobrepeso,165.0,29.00,0.18,4.41,100.0,20.37,17.13,35.65,3.12,9.5037513
1082,SAN FRANCISCO,SAN JOSE,GOICOECHEA,combinada,165.0,54.00,0.33,4.41,100.0,20.37,17.13,35.65,3.12,9.5037513
1083,CALLE BLANCOS,SAN JOSE,GOICOECHEA,combinada,765.0,300.00,0.39,3.75,100.0,17.34,19.04,30.29,3.35,10.4164159
1083,CALLE BLANCOS,SAN JOSE,GOICOECHEA,obesidad,765.0,136.0,0.18,3.75,100.0,17.34,19.04,30.29,3.35,10.4164159
1083,CALLE BLANCOS,SAN JOSE,GOICOECHEA,sobrepeso,765.0,164.00,0.21,3.75,100.0,17.34,19.04,30.29,3.35,10.4164159
1084,MATA DE PLATANO,SAN JOSE,GOICOECHEA,obesidad,941.0,146.0,0.16,2.81,99.3,11.81,20.51,25.73,3.39,10.6254272
1084,MATA DE PLATANO,SAN JOSE,GOICOECHEA,combinada,941.0,347.00,0.37,2.81,99.3,11.81,20.51,25.73,3.39,10.6254272
1084,MATA DE PLATANO,SAN JOSE,GOICOECHEA,sobrepeso,941.0,201.00,0.21,2.81,99.3,11.81,20.51,25.73,3.39,10.6254272
1085,IPIS,SAN JOSE,GOICOECHEA,obesidad,2022.0,317.0,0.16,3.49,100.0,14.23,22.2,28.77,3.55,9.1533759
1085,IPIS,SAN JOSE,GOICOECHEA,sobrepeso,2022.0,490.00,0.24,3.49,100.0,14.23,22.2,28.77,3.55,9.1533759
1085,IPIS,SAN JOSE,GOICOECHEA,combinada,2022.0,807.00,0.4,3.49,100.0,14.23,22.2,28.77,3.55,9.1533759
1086,RANCHO REDONDO,SAN JOSE,GOICOECHEA,obesidad,385.0,49.0,0.13,4.91,38.42,31.02,25.02,17.77,3.82,7.2737603
1086,RANCHO REDONDO,SAN JOSE,GOICOECHEA,sobrepeso,385.0,75.00,0.19,4.91,38.42,31.02,25.02,17.77,3.82,7.2737603
1086,RANCHO REDONDO,SAN JOSE,GOICOECHEA,combinada,385.0,124.00,0.32,4.91,38.42,31.02,25.02,17.77,3.82,7.2737603
1087,PURRAL,SAN JOSE,GOICOECHEA,sobrepeso,2228.0,450.00,0.2,4.83,100.0,27.68,26.99,27.42,3.78,8.5103646
1087,PURRAL,SAN JOSE,GOICOECHEA,combinada,2228.0,768.00,0.34,4.83,100.0,27.68,26.99,27.42,3.78,8.5103646
1087,PURRAL,SAN JOSE,GOICOECHEA,obesidad,2228.0,318.0,0.14,4.83,100.0,27.68,26.99,27.42,3.78,8.5103646
1091,SANTA ANA,SAN JOSE,SANTA ANA,combinada,1049.0,341.00,0.33,1.98,100.0,11.15,19.83,27.33,3.13,11.0908903
1091,SANTA ANA,SAN JOSE,SANTA ANA,obesidad,1049.0,136.0,0.13,1.98,100.0,11.15,19.83,27.33,3.13,11.0908903
1091,SANTA ANA,SAN JOSE,SANTA ANA,sobrepeso,1049.0,205.00,0.2,1.98,100.0,11.15,19.83,27.33,3.13,11.0908903
1092,SALITRAL,SAN JOSE,SANTA ANA,obesidad,415.0,58.0,0.14,2.31,45.68,33.5,26.32,21.07,3.63,7.7790123
1092,SALITRAL,SAN JOSE,SANTA ANA,combinada,415.0,168.00,0.4,2.31,45.68,33.5,26.32,21.07,3.63,7.7790123
1092,SALITRAL,SAN JOSE,SANTA ANA,sobrepeso,415.0,110.00,0.27,2.31,45.68,33.5,26.32,21.07,3.63,7.7790123
1093,POZOS,SAN JOSE,SANTA ANA,combinada,1008.0,384.00,0.38,2.53,100.0,16.54,23.69,19.2,3.5,10.7549564
1093,POZOS,SAN JOSE,SANTA ANA,sobrepeso,1008.0,228.00,0.23,2.53,100.0,16.54,23.69,19.2,3.5,10.7549564
1093,POZOS,SAN JOSE,SANTA ANA,obesidad,1008.0,156.0,0.15,2.53,100.0,16.54,23.69,19.2,3.5,10.7549564
1094,URUCA,SAN JOSE,SANTA ANA,obesidad,592.0,115.0,0.19,2.6,94.15,14.4,22.94,19.55,3.27,10.6535925
1094,URUCA,SAN JOSE,SANTA ANA,sobrepeso,592.0,138.00,0.23,2.6,94.15,14.4,22.94,19.55,3.27,10.6535925
1094,URUCA,SAN JOSE,SANTA ANA,combinada,592.0,253.00,0.43,2.6,94.15,14.4,22.94,19.55,3.27,10.6535925
1095,PIEDADES,SAN JOSE,SANTA ANA,sobrepeso,179.0,36.00,0.2,2.27,92.57,19.92,20.84,22.46,3.41,9.9276757
1095,PIEDADES,SAN JOSE,SANTA ANA,obesidad,179.0,16.0,0.09,2.27,92.57,19.92,20.84,22.46,3.41,9.9276757
1095,PIEDADES,SAN JOSE,SANTA ANA,combinada,179.0,52.00,0.29,2.27,92.57,19.92,20.84,22.46,3.41,9.9276757
1096,BRASIL,SAN JOSE,SANTA ANA,sobrepeso,41.0,11.00,0.27,1.31,100.0,16.39,23.63,20.83,3.59,9.2695312
1096,BRASIL,SAN JOSE,SANTA ANA,combinada,41.0,14.00,0.34,1.31,100.0,16.39,23.63,20.83,3.59,9.2695312
1096,BRASIL,SAN JOSE,SANTA ANA,obesidad,41.0,3.0,0.07,1.31,100.0,16.39,23.63,20.83,3.59,9.2695312
1101,ALAJUELITA,SAN JOSE,ALAJUELITA,obesidad,1259.0,228.0,0.18,3.45,100.0,17.54,22.57,30.33,3.56,8.9190622
1101,ALAJUELITA,SAN JOSE,ALAJUELITA,sobrepeso,1259.0,259.00,0.21,3.45,100.0,17.54,22.57,30.33,3.56,8.9190622
1101,ALAJUELITA,SAN JOSE,ALAJUELITA,combinada,1259.0,487.00,0.39,3.45,100.0,17.54,22.57,30.33,3.56,8.9190622
1102,SAN JOSECITO,SAN JOSE,ALAJUELITA,obesidad,752.0,117.0,0.16,2.48,100.0,22.79,25.96,23.21,3.64,8.5870585
1102,SAN JOSECITO,SAN JOSE,ALAJUELITA,sobrepeso,752.0,139.00,0.18,2.48,100.0,22.79,25.96,23.21,3.64,8.5870585
1102,SAN JOSECITO,SAN JOSE,ALAJUELITA,combinada,752.0,256.00,0.34,2.48,100.0,22.79,25.96,23.21,3.64,8.5870585
1103,SAN ANTONIO,SAN JOSE,ALAJUELITA,obesidad,325.0,33.0,0.1,3.34,83.6,42.06,27.77,20.33,3.52,7.9231207
1103,SAN ANTONIO,SAN JOSE,ALAJUELITA,sobrepeso,325.0,73.00,0.22,3.34,83.6,42.06,27.77,20.33,3.52,7.9231207
1103,SAN ANTONIO,SAN JOSE,ALAJUELITA,combinada,325.0,106.00,0.33,3.34,83.6,42.06,27.77,20.33,3.52,7.9231207
1104,CONCEPCION,SAN JOSE,ALAJUELITA,sobrepeso,1424.0,302.00,0.21,4.91,100.0,25.52,26.13,26.54,3.74,7.9582649
1104,CONCEPCION,SAN JOSE,ALAJUELITA,obesidad,1424.0,209.0,0.15,4.91,100.0,25.52,26.13,26.54,3.74,7.9582649
1104,CONCEPCION,SAN JOSE,ALAJUELITA,combinada,1424.0,511.00,0.36,4.91,100.0,25.52,26.13,26.54,3.74,7.9582649
1105,SAN FELIPE,SAN JOSE,ALAJUELITA,sobrepeso,2697.0,535.00,0.2,3.76,100.0,32.09,29.25,26.94,4.01,7.8669771
1105,SAN FELIPE,SAN JOSE,ALAJUELITA,combinada,2697.0,895.00,0.33,3.76,100.0,32.09,29.25,26.94,4.01,7.8669771
1105,SAN FELIPE,SAN JOSE,ALAJUELITA,obesidad,2697.0,360.0,0.13,3.76,100.0,32.09,29.25,26.94,4.01,7.8669771
1111,SAN ISIDRO,SAN JOSE,VAZQUEZ DE CORONADO,obesidad,1154.0,194.0,0.17,2.55,99.26,10.25,19.77,26.47,3.36,10.7152552
1111,SAN ISIDRO,SAN JOSE,VAZQUEZ DE CORONADO,combinada,1154.0,430.00,0.37,2.55,99.26,10.25,19.77,26.47,3.36,10.7152552
1111,SAN ISIDRO,SAN JOSE,VAZQUEZ DE CORONADO,sobrepeso,1154.0,236.00,0.2,2.55,99.26,10.25,19.77,26.47,3.36,10.7152552
1112,SAN RAFAEL,SAN JOSE,VAZQUEZ DE CORONADO,obesidad,540.0,83.0,0.15,3.05,90.2,21.06,21.12,21.73,3.56,9.1200418
1112,SAN RAFAEL,SAN JOSE,VAZQUEZ DE CORONADO,combinada,540.0,207.00,0.38,3.05,90.2,21.06,21.12,21.73,3.56,9.1200418
1112,SAN RAFAEL,SAN JOSE,VAZQUEZ DE CORONADO,sobrepeso,540.0,124.00,0.23,3.05,90.2,21.06,21.12,21.73,3.56,9.1200418
1113,DULCE NOMBRE DE JESUS,SAN JOSE,VAZQUEZ DE CORONADO,combinada,798.0,323.00,0.4,4.04,98.05,16.17,22.27,23.34,3.64,9.2095383
1113,DULCE NOMBRE DE JESUS,SAN JOSE,VAZQUEZ DE CORONADO,sobrepeso,798.0,177.00,0.22,4.04,98.05,16.17,22.27,23.34,3.64,9.2095383
1113,DULCE NOMBRE DE JESUS,SAN JOSE,VAZQUEZ DE CORONADO,obesidad,798.0,146.0,0.18,4.04,98.05,16.17,22.27,23.34,3.64,9.2095383
1114,PATALILLO,SAN JOSE,VAZQUEZ DE CORONADO,sobrepeso,1116.0,258.00,0.23,2.68,100.0,9.15,20.51,24.71,3.42,10.434229
1114,PATALILLO,SAN JOSE,VAZQUEZ DE CORONADO,obesidad,1116.0,188.0,0.17,2.68,100.0,9.15,20.51,24.71,3.42,10.434229
1114,PATALILLO,SAN JOSE,VAZQUEZ DE CORONADO,combinada,1116.0,446.00,0.4,2.68,100.0,9.15,20.51,24.71,3.42,10.434229
1115,CASCAJAL,SAN JOSE,VAZQUEZ DE CORONADO,obesidad,484.0,81.0,0.17,4.15,82.82,29.85,24.84,22.95,3.6,8.1863894
1115,CASCAJAL,SAN JOSE,VAZQUEZ DE CORONADO,sobrepeso,484.0,100.00,0.21,4.15,82.82,29.85,24.84,22.95,3.6,8.1863894
1115,CASCAJAL,SAN JOSE,VAZQUEZ DE CORONADO,combinada,484.0,181.00,0.37,4.15,82.82,29.85,24.84,22.95,3.6,8.1863894
1121,SAN IGNACIO,SAN JOSE,ACOSTA,sobrepeso,572.0,110.00,0.19,2.13,15.27,22.88,23.89,24.2,3.48,8.5417965
1121,SAN IGNACIO,SAN JOSE,ACOSTA,combinada,572.0,183.00,0.32,2.13,15.27,22.88,23.89,24.2,3.48,8.5417965
1121,SAN IGNACIO,SAN JOSE,ACOSTA,obesidad,572.0,73.0,0.13,2.13,15.27,22.88,23.89,24.2,3.48,8.5417965
1122,GUAITIL,SAN JOSE,ACOSTA,combinada,152.0,47.00,0.31,2.3,0.0,35.32,23.28,18.7,3.33,6.6051454
1122,GUAITIL,SAN JOSE,ACOSTA,sobrepeso,152.0,27.00,0.18,2.3,0.0,35.32,23.28,18.7,3.33,6.6051454
1122,GUAITIL,SAN JOSE,ACOSTA,obesidad,152.0,20.0,0.13,2.3,0.0,35.32,23.28,18.7,3.33,6.6051454
1123,PALMICHAL,SAN JOSE,ACOSTA,obesidad,391.0,57.0,0.15,2.17,25.04,30.96,25.32,21.4,3.48,7.7413692
1123,PALMICHAL,SAN JOSE,ACOSTA,sobrepeso,391.0,75.00,0.19,2.17,25.04,30.96,25.32,21.4,3.48,7.7413692
1123,PALMICHAL,SAN JOSE,ACOSTA,combinada,391.0,132.00,0.34,2.17,25.04,30.96,25.32,21.4,3.48,7.7413692
1124,CANGREJAL,SAN JOSE,ACOSTA,sobrepeso,167.0,38.00,0.23,1.82,0.0,39.66,25.33,18.63,3.2,6.0682493
1124,CANGREJAL,SAN JOSE,ACOSTA,combinada,167.0,63.00,0.38,1.82,0.0,39.66,25.33,18.63,3.2,6.0682493
1124,CANGREJAL,SAN JOSE,ACOSTA,obesidad,167.0,25.0,0.15,1.82,0.0,39.66,25.33,18.63,3.2,6.0682493
1125,SABANILLAS,SAN JOSE,ACOSTA,combinada,144.0,45.00,0.31,1.42,0.0,46.65,25.31,16.14,3.19,5.6397985
1125,SABANILLAS,SAN JOSE,ACOSTA,sobrepeso,144.0,31.00,0.22,1.42,0.0,46.65,25.31,16.14,3.19,5.6397985
1125,SABANILLAS,SAN JOSE,ACOSTA,obesidad,144.0,14.0,0.1,1.42,0.0,46.65,25.31,16.14,3.19,5.6397985
1131,SAN JUAN,SAN JOSE,TIBAS,obesidad,1337.0,213.0,0.16,2.83,100.0,8.36,15.63,33.93,3.04,11.0259016
1131,SAN JUAN,SAN JOSE,TIBAS,sobrepeso,1337.0,299.00,0.22,2.83,100.0,8.36,15.63,33.93,3.04,11.0259016
1131,SAN JUAN,SAN JOSE,TIBAS,combinada,1337.0,512.00,0.38,2.83,100.0,8.36,15.63,33.93,3.04,11.0259016
1132,CINCO ESQUINAS,SAN JOSE,TIBAS,combinada,847.0,328.00,0.39,4.83,100.0,25.05,24.42,28.41,3.63,8.6461011
1132,CINCO ESQUINAS,SAN JOSE,TIBAS,sobrepeso,847.0,189.00,0.22,4.83,100.0,25.05,24.42,28.41,3.63,8.6461011
1132,CINCO ESQUINAS,SAN JOSE,TIBAS,obesidad,847.0,139.0,0.16,4.83,100.0,25.05,24.42,28.41,3.63,8.6461011
1133,ANSELMO LLORENTE,SAN JOSE,TIBAS,obesidad,417.0,78.0,0.19,2.72,100.0,6.71,15.13,32.74,3.15,11.5748183
1133,ANSELMO LLORENTE,SAN JOSE,TIBAS,combinada,417.0,175.00,0.42,2.72,100.0,6.71,15.13,32.74,3.15,11.5748183
1133,ANSELMO LLORENTE,SAN JOSE,TIBAS,sobrepeso,417.0,97.00,0.23,2.72,100.0,6.71,15.13,32.74,3.15,11.5748183
1134,LEON XIII,SAN JOSE,TIBAS,sobrepeso,1140.0,232.00,0.2,5.06,100.0,35.3,27.67,28.63,3.92,7.4652125
1134,LEON XIII,SAN JOSE,TIBAS,combinada,1140.0,386.00,0.34,5.06,100.0,35.3,27.67,28.63,3.92,7.4652125
1134,LEON XIII,SAN JOSE,TIBAS,obesidad,1140.0,154.0,0.14,5.06,100.0,35.3,27.67,28.63,3.92,7.4652125
1135,COLIMA,SAN JOSE,TIBAS,obesidad,494.0,96.0,0.19,3.54,100.0,12.1,18.57,30.69,3.25,10.7289545
1135,COLIMA,SAN JOSE,TIBAS,combinada,494.0,203.00,0.41,3.54,100.0,12.1,18.57,30.69,3.25,10.7289545
1135,COLIMA,SAN JOSE,TIBAS,sobrepeso,494.0,107.00,0.22,3.54,100.0,12.1,18.57,30.69,3.25,10.7289545
1141,SAN VICENTE,SAN JOSE,MORAVIA,combinada,1754.0,634.00,0.36,3.09,100.0,8.61,17.0,29.93,3.14,11.7773761
1141,SAN VICENTE,SAN JOSE,MORAVIA,obesidad,1754.0,268.0,0.15,3.09,100.0,8.61,17.0,29.93,3.14,11.7773761
1141,SAN VICENTE,SAN JOSE,MORAVIA,sobrepeso,1754.0,366.00,0.21,3.09,100.0,8.61,17.0,29.93,3.14,11.7773761
1142,SAN JERONIMO,SAN JOSE,MORAVIA,sobrepeso,522.0,98.00,0.19,2.87,94.36,23.92,24.13,20.78,3.51,8.7587234
1142,SAN JERONIMO,SAN JOSE,MORAVIA,combinada,522.0,196.00,0.38,2.87,94.36,23.92,24.13,20.78,3.51,8.7587234
1142,SAN JERONIMO,SAN JOSE,MORAVIA,obesidad,522.0,98.0,0.19,2.87,94.36,23.92,24.13,20.78,3.51,8.7587234
1143,LA TRINIDAD,SAN JOSE,MORAVIA,combinada,1377.0,537.00,0.39,3.34,100.0,13.82,23.88,23.72,3.54,9.6882331
1143,LA TRINIDAD,SAN JOSE,MORAVIA,obesidad,1377.0,251.0,0.18,3.34,100.0,13.82,23.88,23.72,3.54,9.6882331
1143,LA TRINIDAD,SAN JOSE,MORAVIA,sobrepeso,1377.0,286.00,0.21,3.34,100.0,13.82,23.88,23.72,3.54,9.6882331
1151,SAN PEDRO,SAN JOSE,MONTES DE OCA,obesidad,1020.0,150.0,0.15,2.59,100.0,6.82,13.08,34.82,2.67,12.0663382
1151,SAN PEDRO,SAN JOSE,MONTES DE OCA,sobrepeso,1020.0,219.00,0.21,2.59,100.0,6.82,13.08,34.82,2.67,12.0663382
1151,SAN PEDRO,SAN JOSE,MONTES DE OCA,combinada,1020.0,369.00,0.36,2.59,100.0,6.82,13.08,34.82,2.67,12.0663382
1152,SABANILLA,SAN JOSE,MONTES DE OCA,sobrepeso,794.0,171.00,0.22,2.9,100.0,5.97,15.79,31.19,2.99,12.3459725
1152,SABANILLA,SAN JOSE,MONTES DE OCA,combinada,794.0,286.00,0.36,2.9,100.0,5.97,15.79,31.19,2.99,12.3459725
1152,SABANILLA,SAN JOSE,MONTES DE OCA,obesidad,794.0,115.0,0.14,2.9,100.0,5.97,15.79,31.19,2.99,12.3459725
1153,MERCEDES,SAN JOSE,MONTES DE OCA,combinada,148.0,61.00,0.41,1.96,100.0,6.46,13.48,35.77,2.5,12.497076
1153,MERCEDES,SAN JOSE,MONTES DE OCA,obesidad,148.0,20.0,0.14,1.96,100.0,6.46,13.48,35.77,2.5,12.497076
1153,MERCEDES,SAN JOSE,MONTES DE OCA,sobrepeso,148.0,41.00,0.28,1.96,100.0,6.46,13.48,35.77,2.5,12.497076
1154,SAN RAFAEL,SAN JOSE,MONTES DE OCA,sobrepeso,543.0,131.00,0.24,4.17,100.0,18.75,21.69,25.89,3.43,10.1491865
1154,SAN RAFAEL,SAN JOSE,MONTES DE OCA,combinada,543.0,208.00,0.38,4.17,100.0,18.75,21.69,25.89,3.43,10.1491865
1154,SAN RAFAEL,SAN JOSE,MONTES DE OCA,obesidad,543.0,77.0,0.14,4.17,100.0,18.75,21.69,25.89,3.43,10.1491865
1161,SAN PABLO,SAN JOSE,TURRUBARES,obesidad,134.0,25.0,0.19,2.73,54.24,22.9,24.32,26.87,3.17,8.1885714
1161,SAN PABLO,SAN JOSE,TURRUBARES,sobrepeso,134.0,33.00,0.25,2.73,54.24,22.9,24.32,26.87,3.17,8.1885714
1161,SAN PABLO,SAN JOSE,TURRUBARES,combinada,134.0,58.00,0.43,2.73,54.24,22.9,24.32,26.87,3.17,8.1885714
1162,SAN PEDRO,SAN JOSE,TURRUBARES,obesidad,39.0,8.0,0.21,3.15,0.0,35.58,19.5,16.35,3.11,7.4087302
1162,SAN PEDRO,SAN JOSE,TURRUBARES,sobrepeso,39.0,4.00,0.1,3.15,0.0,35.58,19.5,16.35,3.11,7.4087302
1162,SAN PEDRO,SAN JOSE,TURRUBARES,combinada,39.0,12.00,0.31,3.15,0.0,35.58,19.5,16.35,3.11,7.4087302
1163,SAN JUAN DE MATA,SAN JOSE,TURRUBARES,combinada,298.0,91.00,0.31,7.42,0.0,32.01,25.13,16.43,3.3,7.2440191
1163,SAN JUAN DE MATA,SAN JOSE,TURRUBARES,sobrepeso,298.0,47.00,0.16,7.42,0.0,32.01,25.13,16.43,3.3,7.2440191
1163,SAN JUAN DE MATA,SAN JOSE,TURRUBARES,obesidad,298.0,44.0,0.15,7.42,0.0,32.01,25.13,16.43,3.3,7.2440191
1164,SAN LUIS,SAN JOSE,TURRUBARES,combinada,55.0,18.00,0.33,3.47,0.0,48.47,23.21,11.04,3.17,6.2810811
1164,SAN LUIS,SAN JOSE,TURRUBARES,sobrepeso,55.0,10.00,0.18,3.47,0.0,48.47,23.21,11.04,3.17,6.2810811
1164,SAN LUIS,SAN JOSE,TURRUBARES,obesidad,55.0,8.0,0.15,3.47,0.0,48.47,23.21,11.04,3.17,6.2810811
1165,CARARA,SAN JOSE,TURRUBARES,combinada,6.0,1.00,0.17,2.64,0.0,36.53,27.96,16.46,3.27,6.4818482
1165,CARARA,SAN JOSE,TURRUBARES,sobrepeso,6.0,1.00,0.17,2.64,0.0,36.53,27.96,16.46,3.27,6.4818482
1165,CARARA,SAN JOSE,TURRUBARES,obesidad,6.0,0.0,0.0,2.64,0.0,36.53,27.96,16.46,3.27,6.4818482
1171,SANTA MARIA,SAN JOSE,DOTA,sobrepeso,404.0,68.00,0.17,2.62,46.05,29.21,25.1,23.97,3.44,8.2820796
1171,SANTA MARIA,SAN JOSE,DOTA,obesidad,404.0,32.0,0.08,2.62,46.05,29.21,25.1,23.97,3.44,8.2820796
1171,SANTA MARIA,SAN JOSE,DOTA,combinada,404.0,100.00,0.25,2.62,46.05,29.21,25.1,23.97,3.44,8.2820796
1172,JARDIN,SAN JOSE,DOTA,obesidad,16.0,1.0,0.06,0.0,0.0,50.34,26.34,5.37,3.52,6.6473988
1172,JARDIN,SAN JOSE,DOTA,combinada,16.0,2.00,0.13,0.0,0.0,50.34,26.34,5.37,3.52,6.6473988
1172,JARDIN,SAN JOSE,DOTA,sobrepeso,16.0,1.00,0.06,0.0,0.0,50.34,26.34,5.37,3.52,6.6473988
1173,COPEY,SAN JOSE,DOTA,obesidad,162.0,11.0,0.07,0.42,0.0,61.31,26.96,14.88,3.58,7.0947368
1173,COPEY,SAN JOSE,DOTA,sobrepeso,162.0,37.00,0.23,0.42,0.0,61.31,26.96,14.88,3.58,7.0947368
1173,COPEY,SAN JOSE,DOTA,combinada,162.0,48.00,0.3,0.42,0.0,61.31,26.96,14.88,3.58,7.0947368
1181,CURRIDABAT,SAN JOSE,CURRIDABAT,sobrepeso,1671.0,382.00,0.23,2.83,100.0,11.45,16.52,30.04,3.08,11.5469617
1181,CURRIDABAT,SAN JOSE,CURRIDABAT,obesidad,1671.0,229.0,0.14,2.83,100.0,11.45,16.52,30.04,3.08,11.5469617
1181,CURRIDABAT,SAN JOSE,CURRIDABAT,combinada,1671.0,611.00,0.37,2.83,100.0,11.45,16.52,30.04,3.08,11.5469617
1182,GRANADILLA,SAN JOSE,CURRIDABAT,sobrepeso,730.0,168.00,0.23,3.09,100.0,13.9,21.07,22.99,3.5,10.4990263
1182,GRANADILLA,SAN JOSE,CURRIDABAT,obesidad,730.0,108.0,0.15,3.09,100.0,13.9,21.07,22.99,3.5,10.4990263
1182,GRANADILLA,SAN JOSE,CURRIDABAT,combinada,730.0,276.00,0.38,3.09,100.0,13.9,21.07,22.99,3.5,10.4990263
1183,SANCHEZ,SAN JOSE,CURRIDABAT,sobrepeso,302.0,58.00,0.19,1.57,100.0,7.36,18.59,17.96,3.34,13.1531199
1183,SANCHEZ,SAN JOSE,CURRIDABAT,combinada,302.0,91.00,0.3,1.57,100.0,7.36,18.59,17.96,3.34,13.1531199
1183,SANCHEZ,SAN JOSE,CURRIDABAT,obesidad,302.0,33.0,0.11,1.57,100.0,7.36,18.59,17.96,3.34,13.1531199
1184,TIRRASES,SAN JOSE,CURRIDABAT,combinada,1377.0,427.00,0.31,3.86,100.0,33.49,27.21,25.13,3.72,7.9933592
1184,TIRRASES,SAN JOSE,CURRIDABAT,sobrepeso,1377.0,268.00,0.19,3.86,100.0,33.49,27.21,25.13,3.72,7.9933592
1184,TIRRASES,SAN JOSE,CURRIDABAT,obesidad,1377.0,159.0,0.12,3.86,100.0,33.49,27.21,25.13,3.72,7.9933592
1191,SAN ISIDRO DEL GENERAL,SAN JOSE,PEREZ ZELEDON,sobrepeso,4114.0,771.00,0.19,3.8,74.61,22.09,25.55,28.43,3.32,8.8658684
1191,SAN ISIDRO DEL GENERAL,SAN JOSE,PEREZ ZELEDON,obesidad,4114.0,560.0,0.14,3.8,74.61,22.09,25.55,28.43,3.32,8.8658684
1191,SAN ISIDRO DEL GENERAL,SAN JOSE,PEREZ ZELEDON,combinada,4114.0,"1,331.00",0.32,3.8,74.61,22.09,25.55,28.43,3.32,8.8658684
1192,EL GENERAL,SAN JOSE,PEREZ ZELEDON,combinada,604.0,202.00,0.33,3.92,0.0,24.25,27.02,19.89,3.47,7.77597
1192,EL GENERAL,SAN JOSE,PEREZ ZELEDON,obesidad,604.0,73.0,0.12,3.92,0.0,24.25,27.02,19.89,3.47,7.77597
1192,EL GENERAL,SAN JOSE,PEREZ ZELEDON,sobrepeso,604.0,129.00,0.21,3.92,0.0,24.25,27.02,19.89,3.47,7.77597
1193,DANIEL FLORES,SAN JOSE,PEREZ ZELEDON,combinada,2670.0,779.00,0.29,3.65,85.56,24.94,26.75,26.36,3.4,8.2967024
1193,DANIEL FLORES,SAN JOSE,PEREZ ZELEDON,obesidad,2670.0,319.0,0.12,3.65,85.56,24.94,26.75,26.36,3.4,8.2967024
1193,DANIEL FLORES,SAN JOSE,PEREZ ZELEDON,sobrepeso,2670.0,460.00,0.17,3.65,85.56,24.94,26.75,26.36,3.4,8.2967024
1194,RIVAS,SAN JOSE,PEREZ ZELEDON,obesidad,507.0,44.0,0.09,2.74,0.0,45.74,26.38,16.08,3.58,7.1042092
1194,RIVAS,SAN JOSE,PEREZ ZELEDON,sobrepeso,507.0,86.00,0.17,2.74,0.0,45.74,26.38,16.08,3.58,7.1042092
1194,RIVAS,SAN JOSE,PEREZ ZELEDON,combinada,507.0,130.00,0.26,2.74,0.0,45.74,26.38,16.08,3.58,7.1042092
1195,SAN PEDRO,SAN JOSE,PEREZ ZELEDON,sobrepeso,873.0,126.00,0.14,3.38,0.0,43.6,30.6,17.2,3.58,6.1848297
1195,SAN PEDRO,SAN JOSE,PEREZ ZELEDON,combinada,873.0,203.00,0.23,3.38,0.0,43.6,30.6,17.2,3.58,6.1848297
1195,SAN PEDRO,SAN JOSE,PEREZ ZELEDON,obesidad,873.0,77.0,0.09,3.38,0.0,43.6,30.6,17.2,3.58,6.1848297
1196,PLATANARES,SAN JOSE,PEREZ ZELEDON,sobrepeso,704.0,123.00,0.17,2.09,0.0,45.72,28.15,17.24,3.63,6.7641905
1196,PLATANARES,SAN JOSE,PEREZ ZELEDON,obesidad,704.0,62.0,0.09,2.09,0.0,45.72,28.15,17.24,3.63,6.7641905
1196,PLATANARES,SAN JOSE,PEREZ ZELEDON,combinada,704.0,185.00,0.26,2.09,0.0,45.72,28.15,17.24,3.63,6.7641905
1197,PEJIBAYE,SAN JOSE,PEREZ ZELEDON,obesidad,639.0,62.0,0.1,1.22,13.17,48.7,28.09,16.53,3.57,6.3256625
1197,PEJIBAYE,SAN JOSE,PEREZ ZELEDON,sobrepeso,639.0,105.00,0.16,1.22,13.17,48.7,28.09,16.53,3.57,6.3256625
1197,PEJIBAYE,SAN JOSE,PEREZ ZELEDON,combinada,639.0,167.00,0.26,1.22,13.17,48.7,28.09,16.53,3.57,6.3256625
1198,CAJON,SAN JOSE,PEREZ ZELEDON,sobrepeso,1097.0,197.00,0.18,4.91,19.77,33.72,29.68,18.58,3.58,6.6031644
1198,CAJON,SAN JOSE,PEREZ ZELEDON,combinada,1097.0,299.00,0.27,4.91,19.77,33.72,29.68,18.58,3.58,6.6031644
1198,CAJON,SAN JOSE,PEREZ ZELEDON,obesidad,1097.0,102.0,0.09,4.91,19.77,33.72,29.68,18.58,3.58,6.6031644
1199,BARU,SAN JOSE,PEREZ ZELEDON,combinada,112.0,32.00,0.29,2.86,0.0,43.9,26.66,13.41,3.24,6.8075601
1199,BARU,SAN JOSE,PEREZ ZELEDON,obesidad,112.0,16.0,0.14,2.86,0.0,43.9,26.66,13.41,3.24,6.8075601
1199,BARU,SAN JOSE,PEREZ ZELEDON,sobrepeso,112.0,16.00,0.14,2.86,0.0,43.9,26.66,13.41,3.24,6.8075601
1201,SAN PABLO,SAN JOSE,LEON CORTES,obesidad,347.0,44.0,0.13,2.89,94.2,34.05,25.8,23.72,3.48,8.0609231
1201,SAN PABLO,SAN JOSE,LEON CORTES,sobrepeso,347.0,61.00,0.18,2.89,94.2,34.05,25.8,23.72,3.48,8.0609231
1201,SAN PABLO,SAN JOSE,LEON CORTES,combinada,347.0,105.00,0.3,2.89,94.2,34.05,25.8,23.72,3.48,8.0609231
1202,SAN ANDRES,SAN JOSE,LEON CORTES,sobrepeso,114.0,23.00,0.2,2.77,0.0,38.22,25.6,16.89,3.51,6.6569468
1202,SAN ANDRES,SAN JOSE,LEON CORTES,obesidad,114.0,10.0,0.09,2.77,0.0,38.22,25.6,16.89,3.51,6.6569468
1202,SAN ANDRES,SAN JOSE,LEON CORTES,combinada,114.0,33.00,0.29,2.77,0.0,38.22,25.6,16.89,3.51,6.6569468
1203,LLANO BONITO,SAN JOSE,LEON CORTES,obesidad,122.0,10.0,0.08,2.47,0.0,43.03,26.48,14.46,3.63,6.5881579
1203,LLANO BONITO,SAN JOSE,LEON CORTES,sobrepeso,122.0,17.00,0.14,2.47,0.0,43.03,26.48,14.46,3.63,6.5881579
1203,LLANO BONITO,SAN JOSE,LEON CORTES,combinada,122.0,27.00,0.22,2.47,0.0,43.03,26.48,14.46,3.63,6.5881579
1204,SAN ISIDRO,SAN JOSE,LEON CORTES,sobrepeso,126.0,31.00,0.25,4.0,0.0,33.82,26.65,11.92,3.72,6.7038391
1204,SAN ISIDRO,SAN JOSE,LEON CORTES,obesidad,126.0,16.0,0.13,4.0,0.0,33.82,26.65,11.92,3.72,6.7038391
1204,SAN ISIDRO,SAN JOSE,LEON CORTES,combinada,126.0,47.00,0.37,4.0,0.0,33.82,26.65,11.92,3.72,6.7038391
1205,SANTA CRUZ,SAN JOSE,LEON CORTES,sobrepeso,147.0,15.00,0.1,0.45,0.0,69.57,23.66,16.6,3.54,6.9587459
1205,SANTA CRUZ,SAN JOSE,LEON CORTES,combinada,147.0,23.00,0.16,0.45,0.0,69.57,23.66,16.6,3.54,6.9587459
1205,SANTA CRUZ,SAN JOSE,LEON CORTES,obesidad,147.0,8.0,0.05,0.45,0.0,69.57,23.66,16.6,3.54,6.9587459
1206,SAN ANTONIO,SAN JOSE,LEON CORTES,obesidad,94.0,17.0,0.18,1.47,88.52,28.16,23.96,14.56,3.58,6.7889688
1206,SAN ANTONIO,SAN JOSE,LEON CORTES,sobrepeso,94.0,15.00,0.16,1.47,88.52,28.16,23.96,14.56,3.58,6.7889688
1206,SAN ANTONIO,SAN JOSE,LEON CORTES,combinada,94.0,32.00,0.34,1.47,88.52,28.16,23.96,14.56,3.58,6.7889688
2011,ALAJUELA,ALAJUELA,ALAJUELA,obesidad,3895.0,672.0,0.17,3.1,100.0,14.17,19.76,29.34,3.17,10.029311
2011,ALAJUELA,ALAJUELA,ALAJUELA,combinada,3895.0,"1,475.00",0.38,3.1,100.0,14.17,19.76,29.34,3.17,10.029311
2011,ALAJUELA,ALAJUELA,ALAJUELA,sobrepeso,3895.0,803.00,0.21,3.1,100.0,14.17,19.76,29.34,3.17,10.029311
2012,SAN JOSE,ALAJUELA,ALAJUELA,combinada,1932.0,710.00,0.37,3.5,100.0,15.91,23.06,23.31,3.39,9.4759308
2012,SAN JOSE,ALAJUELA,ALAJUELA,sobrepeso,1932.0,401.00,0.21,3.5,100.0,15.91,23.06,23.31,3.39,9.4759308
2012,SAN JOSE,ALAJUELA,ALAJUELA,obesidad,1932.0,309.0,0.16,3.5,100.0,15.91,23.06,23.31,3.39,9.4759308
2013,CARRIZAL,ALAJUELA,ALAJUELA,obesidad,702.0,93.0,0.13,3.76,54.2,23.54,25.95,18.23,3.66,7.8435189
2013,CARRIZAL,ALAJUELA,ALAJUELA,sobrepeso,702.0,159.00,0.23,3.76,54.2,23.54,25.95,18.23,3.66,7.8435189
2013,CARRIZAL,ALAJUELA,ALAJUELA,combinada,702.0,252.00,0.36,3.76,54.2,23.54,25.95,18.23,3.66,7.8435189
2014,SAN ANTONIO,ALAJUELA,ALAJUELA,sobrepeso,3077.0,598.00,0.19,3.8,100.0,18.86,23.9,22.52,3.42,8.5025875
2014,SAN ANTONIO,ALAJUELA,ALAJUELA,combinada,3077.0,"1,096.00",0.36,3.8,100.0,18.86,23.9,22.52,3.42,8.5025875
2014,SAN ANTONIO,ALAJUELA,ALAJUELA,obesidad,3077.0,498.0,0.16,3.8,100.0,18.86,23.9,22.52,3.42,8.5025875
2015,GUACIMA,ALAJUELA,ALAJUELA,sobrepeso,1959.0,423.00,0.22,2.93,97.14,24.27,25.88,17.57,3.59,8.1112998
2015,GUACIMA,ALAJUELA,ALAJUELA,combinada,1959.0,687.00,0.35,2.93,97.14,24.27,25.88,17.57,3.59,8.1112998
2015,GUACIMA,ALAJUELA,ALAJUELA,obesidad,1959.0,264.0,0.13,2.93,97.14,24.27,25.88,17.57,3.59,8.1112998
2016,SAN ISIDRO,ALAJUELA,ALAJUELA,combinada,1128.0,408.00,0.36,4.1,58.84,24.39,25.19,20.36,3.53,8.2001512
2016,SAN ISIDRO,ALAJUELA,ALAJUELA,sobrepeso,1128.0,256.00,0.23,4.1,58.84,24.39,25.19,20.36,3.53,8.2001512
2016,SAN ISIDRO,ALAJUELA,ALAJUELA,obesidad,1128.0,152.0,0.13,4.1,58.84,24.39,25.19,20.36,3.53,8.2001512
2017,SABANILLA,ALAJUELA,ALAJUELA,combinada,780.0,250.00,0.32,2.89,23.7,29.42,27.62,16.4,3.69,7.2150077
2017,SABANILLA,ALAJUELA,ALAJUELA,sobrepeso,780.0,146.00,0.19,2.89,23.7,29.42,27.62,16.4,3.69,7.2150077
2017,SABANILLA,ALAJUELA,ALAJUELA,obesidad,780.0,104.0,0.13,2.89,23.7,29.42,27.62,16.4,3.69,7.2150077
2018,SAN RAFAEL,ALAJUELA,ALAJUELA,sobrepeso,2051.0,410.00,0.2,4.91,97.4,22.18,23.28,18.88,3.57,8.9183021
2018,SAN RAFAEL,ALAJUELA,ALAJUELA,combinada,2051.0,670.00,0.33,4.91,97.4,22.18,23.28,18.88,3.57,8.9183021
2018,SAN RAFAEL,ALAJUELA,ALAJUELA,obesidad,2051.0,260.0,0.13,4.91,97.4,22.18,23.28,18.88,3.57,8.9183021
2019,RIO SEGUNDO,ALAJUELA,ALAJUELA,obesidad,779.0,99.0,0.13,3.75,100.0,25.58,22.35,24.68,3.35,8.6160571
2019,RIO SEGUNDO,ALAJUELA,ALAJUELA,combinada,779.0,251.00,0.32,3.75,100.0,25.58,22.35,24.68,3.35,8.6160571
2019,RIO SEGUNDO,ALAJUELA,ALAJUELA,sobrepeso,779.0,152.00,0.2,3.75,100.0,25.58,22.35,24.68,3.35,8.6160571
2021,SAN RAMON,ALAJUELA,SAN RAMON,sobrepeso,768.0,166.00,0.22,2.5,100.0,12.24,17.17,36.35,2.94,10.8659218
2021,SAN RAMON,ALAJUELA,SAN RAMON,combinada,768.0,258.00,0.34,2.5,100.0,12.24,17.17,36.35,2.94,10.8659218
2021,SAN RAMON,ALAJUELA,SAN RAMON,obesidad,768.0,92.0,0.12,2.5,100.0,12.24,17.17,36.35,2.94,10.8659218
2022,SANTIAGO,ALAJUELA,SAN RAMON,sobrepeso,356.0,71.00,0.2,3.0,20.44,28.96,26.35,16.17,3.64,8.2864019
2022,SANTIAGO,ALAJUELA,SAN RAMON,obesidad,356.0,43.0,0.12,3.0,20.44,28.96,26.35,16.17,3.64,8.2864019
2022,SANTIAGO,ALAJUELA,SAN RAMON,combinada,356.0,114.00,0.32,3.0,20.44,28.96,26.35,16.17,3.64,8.2864019
2023,SAN JUAN,ALAJUELA,SAN RAMON,sobrepeso,886.0,160.00,0.18,3.79,100.0,17.02,23.41,27.37,3.34,9.0492432
2023,SAN JUAN,ALAJUELA,SAN RAMON,combinada,886.0,270.00,0.3,3.79,100.0,17.02,23.41,27.37,3.34,9.0492432
2023,SAN JUAN,ALAJUELA,SAN RAMON,obesidad,886.0,110.0,0.12,3.79,100.0,17.02,23.41,27.37,3.34,9.0492432
2024,PIEDADES NORTE,ALAJUELA,SAN RAMON,sobrepeso,621.0,116.00,0.19,2.29,42.36,21.1,23.74,22.23,3.41,8.5931939
2024,PIEDADES NORTE,ALAJUELA,SAN RAMON,combinada,621.0,190.00,0.31,2.29,42.36,21.1,23.74,22.23,3.41,8.5931939
2024,PIEDADES NORTE,ALAJUELA,SAN RAMON,obesidad,621.0,74.0,0.12,2.29,42.36,21.1,23.74,22.23,3.41,8.5931939
2025,PIEDADES SUR,ALAJUELA,SAN RAMON,obesidad,290.0,23.0,0.08,1.46,8.37,33.97,23.92,15.21,3.4,7.4362319
2025,PIEDADES SUR,ALAJUELA,SAN RAMON,combinada,290.0,71.00,0.24,1.46,8.37,33.97,23.92,15.21,3.4,7.4362319
2025,PIEDADES SUR,ALAJUELA,SAN RAMON,sobrepeso,290.0,48.00,0.17,1.46,8.37,33.97,23.92,15.21,3.4,7.4362319
2026,SAN RAFAEL,ALAJUELA,SAN RAMON,obesidad,593.0,73.0,0.12,3.03,45.19,21.73,22.15,23.41,3.39,9.3296089
2026,SAN RAFAEL,ALAJUELA,SAN RAMON,combinada,593.0,179.00,0.3,3.03,45.19,21.73,22.15,23.41,3.39,9.3296089
2026,SAN RAFAEL,ALAJUELA,SAN RAMON,sobrepeso,593.0,106.00,0.18,3.03,45.19,21.73,22.15,23.41,3.39,9.3296089
2027,SAN ISIDRO,ALAJUELA,SAN RAMON,combinada,399.0,125.00,0.31,1.45,32.02,21.09,24.34,21.41,3.54,8.6955307
2027,SAN ISIDRO,ALAJUELA,SAN RAMON,sobrepeso,399.0,76.00,0.19,1.45,32.02,21.09,24.34,21.41,3.54,8.6955307
2027,SAN ISIDRO,ALAJUELA,SAN RAMON,obesidad,399.0,49.0,0.12,1.45,32.02,21.09,24.34,21.41,3.54,8.6955307
2028,ANGELES,ALAJUELA,SAN RAMON,combinada,587.0,190.00,0.32,3.93,34.39,29.28,27.29,17.41,3.51,7.4047619
2028,ANGELES,ALAJUELA,SAN RAMON,obesidad,587.0,83.0,0.14,3.93,34.39,29.28,27.29,17.41,3.51,7.4047619
2028,ANGELES,ALAJUELA,SAN RAMON,sobrepeso,587.0,107.00,0.18,3.93,34.39,29.28,27.29,17.41,3.51,7.4047619
2029,ALFARO,ALAJUELA,SAN RAMON,combinada,362.0,112.00,0.31,2.54,63.37,16.16,23.33,22.81,3.27,9.7549195
2029,ALFARO,ALAJUELA,SAN RAMON,sobrepeso,362.0,73.00,0.2,2.54,63.37,16.16,23.33,22.81,3.27,9.7549195
2029,ALFARO,ALAJUELA,SAN RAMON,obesidad,362.0,39.0,0.11,2.54,63.37,16.16,23.33,22.81,3.27,9.7549195
2031,GRECIA,ALAJUELA,GRECIA,sobrepeso,1532.0,360.00,0.23,2.74,88.13,13.79,18.78,26.74,3.14,9.958464
2031,GRECIA,ALAJUELA,GRECIA,obesidad,1532.0,255.0,0.17,2.74,88.13,13.79,18.78,26.74,3.14,9.958464
2031,GRECIA,ALAJUELA,GRECIA,combinada,1532.0,615.00,0.4,2.74,88.13,13.79,18.78,26.74,3.14,9.958464
2032,SAN ISIDRO,ALAJUELA,GRECIA,sobrepeso,388.0,92.00,0.24,3.08,56.14,17.79,22.83,17.67,3.42,8.8467401
2032,SAN ISIDRO,ALAJUELA,GRECIA,combinada,388.0,154.00,0.4,3.08,56.14,17.79,22.83,17.67,3.42,8.8467401
2032,SAN ISIDRO,ALAJUELA,GRECIA,obesidad,388.0,62.0,0.16,3.08,56.14,17.79,22.83,17.67,3.42,8.8467401
2033,SAN JOSE,ALAJUELA,GRECIA,combinada,696.0,221.00,0.32,2.27,60.86,17.82,25.14,17.34,3.52,8.5129618
2033,SAN JOSE,ALAJUELA,GRECIA,sobrepeso,696.0,141.00,0.2,2.27,60.86,17.82,25.14,17.34,3.52,8.5129618
2033,SAN JOSE,ALAJUELA,GRECIA,obesidad,696.0,80.0,0.11,2.27,60.86,17.82,25.14,17.34,3.52,8.5129618
2034,SAN ROQUE,ALAJUELA,GRECIA,obesidad,752.0,114.0,0.15,2.42,77.99,15.98,23.54,19.63,3.42,8.8175753
2034,SAN ROQUE,ALAJUELA,GRECIA,sobrepeso,752.0,159.00,0.21,2.42,77.99,15.98,23.54,19.63,3.42,8.8175753
2034,SAN ROQUE,ALAJUELA,GRECIA,combinada,752.0,273.00,0.36,2.42,77.99,15.98,23.54,19.63,3.42,8.8175753
2035,TACARES,ALAJUELA,GRECIA,combinada,588.0,231.00,0.39,2.66,45.54,21.36,24.49,17.89,3.57,7.7018364
2035,TACARES,ALAJUELA,GRECIA,sobrepeso,588.0,138.00,0.23,2.66,45.54,21.36,24.49,17.89,3.57,7.7018364
2035,TACARES,ALAJUELA,GRECIA,obesidad,588.0,93.0,0.16,2.66,45.54,21.36,24.49,17.89,3.57,7.7018364
2036,RIO CUARTO,ALAJUELA,GRECIA,obesidad,1102.0,146.0,0.13,2.83,22.0,38.33,32.08,13.19,3.76,6.5083585
2036,RIO CUARTO,ALAJUELA,GRECIA,combinada,1102.0,330.00,0.3,2.83,22.0,38.33,32.08,13.19,3.76,6.5083585
2036,RIO CUARTO,ALAJUELA,GRECIA,sobrepeso,1102.0,184.00,0.17,2.83,22.0,38.33,32.08,13.19,3.76,6.5083585
2037,PUENTE DE PIEDRA,ALAJUELA,GRECIA,combinada,766.0,276.00,0.36,3.6,73.38,20.9,24.97,19.35,3.55,7.8480539
2037,PUENTE DE PIEDRA,ALAJUELA,GRECIA,obesidad,766.0,122.0,0.16,3.6,73.38,20.9,24.97,19.35,3.55,7.8480539
2037,PUENTE DE PIEDRA,ALAJUELA,GRECIA,sobrepeso,766.0,154.00,0.2,3.6,73.38,20.9,24.97,19.35,3.55,7.8480539
2038,BOLIVAR,ALAJUELA,GRECIA,combinada,580.0,185.00,0.32,3.52,47.63,20.35,24.4,18.6,3.44,8.0495658
2038,BOLIVAR,ALAJUELA,GRECIA,sobrepeso,580.0,104.00,0.18,3.52,47.63,20.35,24.4,18.6,3.44,8.0495658
2038,BOLIVAR,ALAJUELA,GRECIA,obesidad,580.0,81.0,0.14,3.52,47.63,20.35,24.4,18.6,3.44,8.0495658
2041,SAN MATEO,ALAJUELA,SAN MATEO,obesidad,224.0,31.0,0.14,1.82,37.78,29.2,21.88,20.57,3.18,8.5487923
2041,SAN MATEO,ALAJUELA,SAN MATEO,combinada,224.0,85.00,0.38,1.82,37.78,29.2,21.88,20.57,3.18,8.5487923
2041,SAN MATEO,ALAJUELA,SAN MATEO,sobrepeso,224.0,54.00,0.24,1.82,37.78,29.2,21.88,20.57,3.18,8.5487923
2042,DESMONTE,ALAJUELA,SAN MATEO,sobrepeso,36.0,11.00,0.31,1.17,0.0,30.34,22.45,11.72,3.61,7.6317073
2042,DESMONTE,ALAJUELA,SAN MATEO,obesidad,36.0,5.0,0.14,1.17,0.0,30.34,22.45,11.72,3.61,7.6317073
2042,DESMONTE,ALAJUELA,SAN MATEO,combinada,36.0,16.00,0.44,1.17,0.0,30.34,22.45,11.72,3.61,7.6317073
2043,JESUS MARIA,ALAJUELA,SAN MATEO,combinada,203.0,86.00,0.42,3.21,24.78,29.13,24.74,16.64,3.32,7.6217143
2043,JESUS MARIA,ALAJUELA,SAN MATEO,obesidad,203.0,45.0,0.22,3.21,24.78,29.13,24.74,16.64,3.32,7.6217143
2043,JESUS MARIA,ALAJUELA,SAN MATEO,sobrepeso,203.0,41.00,0.2,3.21,24.78,29.13,24.74,16.64,3.32,7.6217143
2051,ATENAS,ALAJUELA,ATENAS,obesidad,629.0,133.0,0.21,2.22,79.53,12.25,18.99,22.36,3.36,10.2982346
2051,ATENAS,ALAJUELA,ATENAS,sobrepeso,629.0,149.00,0.24,2.22,79.53,12.25,18.99,22.36,3.36,10.2982346
2051,ATENAS,ALAJUELA,ATENAS,combinada,629.0,282.00,0.45,2.22,79.53,12.25,18.99,22.36,3.36,10.2982346
2052,JESUS,ALAJUELA,ATENAS,combinada,412.0,160.00,0.39,2.51,31.53,17.22,21.95,18.59,3.33,9.0429363
2052,JESUS,ALAJUELA,ATENAS,sobrepeso,412.0,89.00,0.22,2.51,31.53,17.22,21.95,18.59,3.33,9.0429363
2052,JESUS,ALAJUELA,ATENAS,obesidad,412.0,71.0,0.17,2.51,31.53,17.22,21.95,18.59,3.33,9.0429363
2053,MERCEDES,ALAJUELA,ATENAS,sobrepeso,237.0,48.00,0.2,2.49,42.88,16.95,22.39,19.14,3.27,8.6535304
2053,MERCEDES,ALAJUELA,ATENAS,obesidad,237.0,41.0,0.17,2.49,42.88,16.95,22.39,19.14,3.27,8.6535304
2053,MERCEDES,ALAJUELA,ATENAS,combinada,237.0,89.00,0.38,2.49,42.88,16.95,22.39,19.14,3.27,8.6535304
2054,SAN ISIDRO,ALAJUELA,ATENAS,combinada,207.0,73.00,0.35,1.63,0.0,37.64,23.39,14.55,3.53,7.0392157
2054,SAN ISIDRO,ALAJUELA,ATENAS,obesidad,207.0,26.0,0.13,1.63,0.0,37.64,23.39,14.55,3.53,7.0392157
2054,SAN ISIDRO,ALAJUELA,ATENAS,sobrepeso,207.0,47.00,0.23,1.63,0.0,37.64,23.39,14.55,3.53,7.0392157
2055,CONCEPCION,ALAJUELA,ATENAS,obesidad,309.0,62.0,0.2,1.46,64.73,20.51,21.34,16.46,3.27,8.9169139
2055,CONCEPCION,ALAJUELA,ATENAS,combinada,309.0,134.00,0.43,1.46,64.73,20.51,21.34,16.46,3.27,8.9169139
2055,CONCEPCION,ALAJUELA,ATENAS,sobrepeso,309.0,72.00,0.23,1.46,64.73,20.51,21.34,16.46,3.27,8.9169139
2056,SAN JOSE,ALAJUELA,ATENAS,combinada,111.0,40.00,0.36,2.24,80.62,26.37,22.73,18.49,3.32,8.21682
2056,SAN JOSE,ALAJUELA,ATENAS,sobrepeso,111.0,24.00,0.22,2.24,80.62,26.37,22.73,18.49,3.32,8.21682
2056,SAN JOSE,ALAJUELA,ATENAS,obesidad,111.0,16.0,0.14,2.24,80.62,26.37,22.73,18.49,3.32,8.21682
2057,SANTA EULALIA,ALAJUELA,ATENAS,sobrepeso,191.0,51.00,0.27,1.88,82.28,21.96,23.73,16.35,3.34,7.8697917
2057,SANTA EULALIA,ALAJUELA,ATENAS,obesidad,191.0,26.0,0.14,1.88,82.28,21.96,23.73,16.35,3.34,7.8697917
2057,SANTA EULALIA,ALAJUELA,ATENAS,combinada,191.0,77.00,0.4,1.88,82.28,21.96,23.73,16.35,3.34,7.8697917
2058,ESCOBAL,ALAJUELA,ATENAS,sobrepeso,,,,2.94,35.97,24.81,22.41,12.59,3.14,7.2685185
2058,ESCOBAL,ALAJUELA,ATENAS,combinada,,,,2.94,35.97,24.81,22.41,12.59,3.14,7.2685185
2058,ESCOBAL,ALAJUELA,ATENAS,obesidad,,,,2.94,35.97,24.81,22.41,12.59,3.14,7.2685185
2061,NARANJO,ALAJUELA,NARANJO,obesidad,1491.0,202.0,0.14,2.97,84.48,19.45,22.48,25.67,3.49,8.6641654
2061,NARANJO,ALAJUELA,NARANJO,combinada,1491.0,522.00,0.35,2.97,84.48,19.45,22.48,25.67,3.49,8.6641654
2061,NARANJO,ALAJUELA,NARANJO,sobrepeso,1491.0,320.00,0.21,2.97,84.48,19.45,22.48,25.67,3.49,8.6641654
2062,SAN MIGUEL,ALAJUELA,NARANJO,combinada,386.0,132.00,0.34,1.93,49.8,24.38,27.53,20.38,3.72,7.5922274
2062,SAN MIGUEL,ALAJUELA,NARANJO,sobrepeso,386.0,86.00,0.22,1.93,49.8,24.38,27.53,20.38,3.72,7.5922274
2062,SAN MIGUEL,ALAJUELA,NARANJO,obesidad,386.0,46.0,0.12,1.93,49.8,24.38,27.53,20.38,3.72,7.5922274
2063,SAN JOSE,ALAJUELA,NARANJO,obesidad,238.0,34.0,0.14,2.18,31.06,21.26,23.62,17.84,3.38,8.1608911
2063,SAN JOSE,ALAJUELA,NARANJO,combinada,238.0,80.00,0.34,2.18,31.06,21.26,23.62,17.84,3.38,8.1608911
2063,SAN JOSE,ALAJUELA,NARANJO,sobrepeso,238.0,46.00,0.19,2.18,31.06,21.26,23.62,17.84,3.38,8.1608911
2064,CIRRI SUR,ALAJUELA,NARANJO,sobrepeso,369.0,66.00,0.18,2.0,26.19,21.89,24.65,20.73,3.51,7.6326879
2064,CIRRI SUR,ALAJUELA,NARANJO,obesidad,369.0,49.0,0.13,2.0,26.19,21.89,24.65,20.73,3.51,7.6326879
2064,CIRRI SUR,ALAJUELA,NARANJO,combinada,369.0,115.00,0.31,2.0,26.19,21.89,24.65,20.73,3.51,7.6326879
2065,SAN JERONIMO,ALAJUELA,NARANJO,sobrepeso,297.0,47.00,0.16,3.92,63.27,26.22,26.84,21.68,3.69,7.452496
2065,SAN JERONIMO,ALAJUELA,NARANJO,obesidad,297.0,28.0,0.09,3.92,63.27,26.22,26.84,21.68,3.69,7.452496
2065,SAN JERONIMO,ALAJUELA,NARANJO,combinada,297.0,75.00,0.25,3.92,63.27,26.22,26.84,21.68,3.69,7.452496
2066,SAN JUAN,ALAJUELA,NARANJO,sobrepeso,217.0,56.00,0.26,3.66,41.52,21.98,24.34,23.35,3.55,8.5660219
2066,SAN JUAN,ALAJUELA,NARANJO,obesidad,217.0,26.0,0.12,3.66,41.52,21.98,24.34,23.35,3.55,8.5660219
2066,SAN JUAN,ALAJUELA,NARANJO,combinada,217.0,82.00,0.38,3.66,41.52,21.98,24.34,23.35,3.55,8.5660219
2067,EL ROSARIO,ALAJUELA,NARANJO,combinada,324.0,109.00,0.34,2.14,36.68,24.43,27.71,16.22,3.91,6.8839739
2067,EL ROSARIO,ALAJUELA,NARANJO,obesidad,324.0,44.0,0.14,2.14,36.68,24.43,27.71,16.22,3.91,6.8839739
2067,EL ROSARIO,ALAJUELA,NARANJO,sobrepeso,324.0,65.00,0.2,2.14,36.68,24.43,27.71,16.22,3.91,6.8839739
2068,PALMITOS,ALAJUELA,NARANJO,sobrepeso,,,,2.93,7.89,21.21,23.46,20.8,3.53,8.4527393
2068,PALMITOS,ALAJUELA,NARANJO,combinada,,,,2.93,7.89,21.21,23.46,20.8,3.53,8.4527393
2068,PALMITOS,ALAJUELA,NARANJO,obesidad,,,,2.93,7.89,21.21,23.46,20.8,3.53,8.4527393
2071,PALMARES,ALAJUELA,PALMARES,combinada,290.0,122.00,0.42,2.45,100.0,16.28,17.03,29.36,3.2,9.7490446
2071,PALMARES,ALAJUELA,PALMARES,obesidad,290.0,56.0,0.19,2.45,100.0,16.28,17.03,29.36,3.2,9.7490446
2071,PALMARES,ALAJUELA,PALMARES,sobrepeso,290.0,66.00,0.23,2.45,100.0,16.28,17.03,29.36,3.2,9.7490446
2072,ZARAGOZA,ALAJUELA,PALMARES,obesidad,523.0,85.0,0.16,3.21,89.83,19.76,21.6,19.5,3.56,9.0596739
2072,ZARAGOZA,ALAJUELA,PALMARES,combinada,523.0,196.00,0.37,3.21,89.83,19.76,21.6,19.5,3.56,9.0596739
2072,ZARAGOZA,ALAJUELA,PALMARES,sobrepeso,523.0,111.00,0.21,3.21,89.83,19.76,21.6,19.5,3.56,9.0596739
2073,BUENOS AIRES,ALAJUELA,PALMARES,combinada,463.0,177.00,0.38,2.92,81.14,15.2,21.3,22.94,3.46,9.6600131
2073,BUENOS AIRES,ALAJUELA,PALMARES,sobrepeso,463.0,101.00,0.22,2.92,81.14,15.2,21.3,22.94,3.46,9.6600131
2073,BUENOS AIRES,ALAJUELA,PALMARES,obesidad,463.0,76.0,0.16,2.92,81.14,15.2,21.3,22.94,3.46,9.6600131
2074,SANTIAGO,ALAJUELA,PALMARES,obesidad,173.0,20.0,0.12,2.48,46.8,36.39,21.63,16.98,3.68,7.8501838
2074,SANTIAGO,ALAJUELA,PALMARES,combinada,173.0,51.00,0.29,2.48,46.8,36.39,21.63,16.98,3.68,7.8501838
2074,SANTIAGO,ALAJUELA,PALMARES,sobrepeso,173.0,31.00,0.18,2.48,46.8,36.39,21.63,16.98,3.68,7.8501838
2075,CANDELARIA,ALAJUELA,PALMARES,sobrepeso,201.0,41.00,0.2,4.7,31.72,24.38,23.05,19.57,3.49,7.1173261
2075,CANDELARIA,ALAJUELA,PALMARES,obesidad,201.0,31.0,0.15,4.7,31.72,24.38,23.05,19.57,3.49,7.1173261
2075,CANDELARIA,ALAJUELA,PALMARES,combinada,201.0,72.00,0.36,4.7,31.72,24.38,23.05,19.57,3.49,7.1173261
2076,ESQUIPULAS,ALAJUELA,PALMARES,combinada,518.0,190.00,0.37,3.42,86.55,21.66,26.12,22.22,3.72,8.0775591
2076,ESQUIPULAS,ALAJUELA,PALMARES,sobrepeso,518.0,108.00,0.21,3.42,86.55,21.66,26.12,22.22,3.72,8.0775591
2076,ESQUIPULAS,ALAJUELA,PALMARES,obesidad,518.0,82.0,0.16,3.42,86.55,21.66,26.12,22.22,3.72,8.0775591
2077,LA GRANJA,ALAJUELA,PALMARES,obesidad,311.0,55.0,0.18,3.47,82.86,15.57,22.7,21.87,3.55,9.3222632
2077,LA GRANJA,ALAJUELA,PALMARES,sobrepeso,311.0,71.00,0.23,3.47,82.86,15.57,22.7,21.87,3.55,9.3222632
2077,LA GRANJA,ALAJUELA,PALMARES,combinada,311.0,126.00,0.41,3.47,82.86,15.57,22.7,21.87,3.55,9.3222632
2081,SAN PEDRO,ALAJUELA,POAS,combinada,756.0,281.00,0.37,3.95,78.33,18.84,22.54,21.26,3.44,8.8240027
2081,SAN PEDRO,ALAJUELA,POAS,sobrepeso,756.0,173.00,0.23,3.95,78.33,18.84,22.54,21.26,3.44,8.8240027
2081,SAN PEDRO,ALAJUELA,POAS,obesidad,756.0,108.0,0.14,3.95,78.33,18.84,22.54,21.26,3.44,8.8240027
2082,SAN JUAN,ALAJUELA,POAS,combinada,253.0,92.00,0.36,2.79,50.26,21.74,24.56,17.75,3.62,8.0073075
2082,SAN JUAN,ALAJUELA,POAS,obesidad,253.0,37.0,0.15,2.79,50.26,21.74,24.56,17.75,3.62,8.0073075
2082,SAN JUAN,ALAJUELA,POAS,sobrepeso,253.0,55.00,0.22,2.79,50.26,21.74,24.56,17.75,3.62,8.0073075
2083,SAN RAFAEL,ALAJUELA,POAS,sobrepeso,431.0,85.00,0.2,3.48,15.53,22.68,24.5,16.14,3.63,7.8275694
2083,SAN RAFAEL,ALAJUELA,POAS,combinada,431.0,142.00,0.33,3.48,15.53,22.68,24.5,16.14,3.63,7.8275694
2083,SAN RAFAEL,ALAJUELA,POAS,obesidad,431.0,57.0,0.13,3.48,15.53,22.68,24.5,16.14,3.63,7.8275694
2084,CARRILLOS,ALAJUELA,POAS,combinada,747.0,268.00,0.36,3.67,84.7,23.33,26.22,20.06,3.76,7.8981349
2084,CARRILLOS,ALAJUELA,POAS,obesidad,747.0,116.0,0.16,3.67,84.7,23.33,26.22,20.06,3.76,7.8981349
2084,CARRILLOS,ALAJUELA,POAS,sobrepeso,747.0,152.00,0.2,3.67,84.7,23.33,26.22,20.06,3.76,7.8981349
2085,SABANA REDONDA,ALAJUELA,POAS,sobrepeso,319.0,60.00,0.19,3.82,0.0,37.4,28.98,15.27,3.58,6.6111111
2085,SABANA REDONDA,ALAJUELA,POAS,obesidad,319.0,49.0,0.15,3.82,0.0,37.4,28.98,15.27,3.58,6.6111111
2085,SABANA REDONDA,ALAJUELA,POAS,combinada,319.0,109.00,0.34,3.82,0.0,37.4,28.98,15.27,3.58,6.6111111
2091,OROTINA,ALAJUELA,OROTINA,combinada,752.0,289.00,0.38,2.33,76.95,18.69,23.33,23.73,3.24,8.9662776
2091,OROTINA,ALAJUELA,OROTINA,sobrepeso,752.0,145.00,0.19,2.33,76.95,18.69,23.33,23.73,3.24,8.9662776
2091,OROTINA,ALAJUELA,OROTINA,obesidad,752.0,144.0,0.19,2.33,76.95,18.69,23.33,23.73,3.24,8.9662776
2092,EL MASTATE,ALAJUELA,OROTINA,obesidad,182.0,46.0,0.25,3.62,25.37,15.13,26.08,21.96,3.36,8.3057143
2092,EL MASTATE,ALAJUELA,OROTINA,combinada,182.0,82.00,0.45,3.62,25.37,15.13,26.08,21.96,3.36,8.3057143
2092,EL MASTATE,ALAJUELA,OROTINA,sobrepeso,182.0,36.00,0.2,3.62,25.37,15.13,26.08,21.96,3.36,8.3057143
2093,HACIENDA VIEJA,ALAJUELA,OROTINA,obesidad,66.0,13.0,0.2,2.13,85.03,20.63,20.45,21.59,3.24,8.2252475
2093,HACIENDA VIEJA,ALAJUELA,OROTINA,sobrepeso,66.0,12.00,0.18,2.13,85.03,20.63,20.45,21.59,3.24,8.2252475
2093,HACIENDA VIEJA,ALAJUELA,OROTINA,combinada,66.0,25.00,0.38,2.13,85.03,20.63,20.45,21.59,3.24,8.2252475
2094,COYOLAR,ALAJUELA,OROTINA,combinada,637.0,203.00,0.32,3.32,29.55,37.7,29.16,20.54,3.44,7.0622368
2094,COYOLAR,ALAJUELA,OROTINA,sobrepeso,637.0,113.00,0.18,3.32,29.55,37.7,29.16,20.54,3.44,7.0622368
2094,COYOLAR,ALAJUELA,OROTINA,obesidad,637.0,90.0,0.14,3.32,29.55,37.7,29.16,20.54,3.44,7.0622368
2095,LA CEIBA,ALAJUELA,OROTINA,combinada,173.0,61.00,0.35,3.0,0.0,33.68,28.15,14.21,3.37,7.1478659
2095,LA CEIBA,ALAJUELA,OROTINA,obesidad,173.0,34.0,0.2,3.0,0.0,33.68,28.15,14.21,3.37,7.1478659
2095,LA CEIBA,ALAJUELA,OROTINA,sobrepeso,173.0,27.00,0.16,3.0,0.0,33.68,28.15,14.21,3.37,7.1478659
2101,QUESADA,ALAJUELA,SAN CARLOS,obesidad,2967.0,364.0,0.12,2.47,70.92,20.17,25.54,25.78,3.37,9.0098081
2101,QUESADA,ALAJUELA,SAN CARLOS,sobrepeso,2967.0,577.00,0.19,2.47,70.92,20.17,25.54,25.78,3.37,9.0098081
2101,QUESADA,ALAJUELA,SAN CARLOS,combinada,2967.0,941.00,0.32,2.47,70.92,20.17,25.54,25.78,3.37,9.0098081
2102,FLORENCIA,ALAJUELA,SAN CARLOS,sobrepeso,1384.0,265.00,0.19,2.35,64.6,27.11,26.62,19.92,3.46,7.6376245
2102,FLORENCIA,ALAJUELA,SAN CARLOS,combinada,1384.0,434.00,0.31,2.35,64.6,27.11,26.62,19.92,3.46,7.6376245
2102,FLORENCIA,ALAJUELA,SAN CARLOS,obesidad,1384.0,169.0,0.12,2.35,64.6,27.11,26.62,19.92,3.46,7.6376245
2103,BUENAVISTA,ALAJUELA,SAN CARLOS,combinada,39.0,11.00,0.28,0.85,0.0,32.61,31.69,11.96,3.53,6.2169811
2103,BUENAVISTA,ALAJUELA,SAN CARLOS,obesidad,39.0,5.0,0.13,0.85,0.0,32.61,31.69,11.96,3.53,6.2169811
2103,BUENAVISTA,ALAJUELA,SAN CARLOS,sobrepeso,39.0,6.00,0.15,0.85,0.0,32.61,31.69,11.96,3.53,6.2169811
2104,AGUAS ZARCAS,ALAJUELA,SAN CARLOS,combinada,2002.0,513.00,0.26,3.38,41.37,26.35,30.25,20.53,3.62,7.3956956
2104,AGUAS ZARCAS,ALAJUELA,SAN CARLOS,obesidad,2002.0,200.0,0.1,3.38,41.37,26.35,30.25,20.53,3.62,7.3956956
2104,AGUAS ZARCAS,ALAJUELA,SAN CARLOS,sobrepeso,2002.0,313.00,0.16,3.38,41.37,26.35,30.25,20.53,3.62,7.3956956
2105,VENECIA,ALAJUELA,SAN CARLOS,combinada,768.0,229.00,0.3,3.18,25.62,25.57,29.92,18.09,3.62,7.4768133
2105,VENECIA,ALAJUELA,SAN CARLOS,obesidad,768.0,78.0,0.1,3.18,25.62,25.57,29.92,18.09,3.62,7.4768133
2105,VENECIA,ALAJUELA,SAN CARLOS,sobrepeso,768.0,151.00,0.2,3.18,25.62,25.57,29.92,18.09,3.62,7.4768133
2106,PITAL,ALAJUELA,SAN CARLOS,sobrepeso,1630.0,317.00,0.19,2.54,49.78,38.99,29.99,17.05,3.68,6.703566
2106,PITAL,ALAJUELA,SAN CARLOS,combinada,1630.0,504.00,0.31,2.54,49.78,38.99,29.99,17.05,3.68,6.703566
2106,PITAL,ALAJUELA,SAN CARLOS,obesidad,1630.0,187.0,0.11,2.54,49.78,38.99,29.99,17.05,3.68,6.703566
2107,LA FORTUNA,ALAJUELA,SAN CARLOS,combinada,1667.0,480.00,0.29,2.49,80.79,26.13,29.99,19.24,3.42,7.736891
2107,LA FORTUNA,ALAJUELA,SAN CARLOS,sobrepeso,1667.0,301.00,0.18,2.49,80.79,26.13,29.99,19.24,3.42,7.736891
2107,LA FORTUNA,ALAJUELA,SAN CARLOS,obesidad,1667.0,179.0,0.11,2.49,80.79,26.13,29.99,19.24,3.42,7.736891
2108,LA TIGRA,ALAJUELA,SAN CARLOS,obesidad,673.0,67.0,0.1,2.3,7.15,30.64,28.77,16.41,3.57,6.7920215
2108,LA TIGRA,ALAJUELA,SAN CARLOS,combinada,673.0,180.00,0.27,2.3,7.15,30.64,28.77,16.41,3.57,6.7920215
2108,LA TIGRA,ALAJUELA,SAN CARLOS,sobrepeso,673.0,113.00,0.17,2.3,7.15,30.64,28.77,16.41,3.57,6.7920215
2109,LA PALMERA,ALAJUELA,SAN CARLOS,sobrepeso,562.0,105.00,0.19,3.42,0.0,24.26,26.23,15.27,3.67,7.7925961
2109,LA PALMERA,ALAJUELA,SAN CARLOS,obesidad,562.0,38.0,0.07,3.42,0.0,24.26,26.23,15.27,3.67,7.7925961
2109,LA PALMERA,ALAJUELA,SAN CARLOS,combinada,562.0,143.00,0.25,3.42,0.0,24.26,26.23,15.27,3.67,7.7925961
2111,ZARCERO,ALAJUELA,ZARCERO,sobrepeso,497.0,74.00,0.15,0.63,59.67,15.24,21.3,25.42,3.33,9.3800244
2111,ZARCERO,ALAJUELA,ZARCERO,combinada,497.0,106.00,0.21,0.63,59.67,15.24,21.3,25.42,3.33,9.3800244
2111,ZARCERO,ALAJUELA,ZARCERO,obesidad,497.0,32.0,0.06,0.63,59.67,15.24,21.3,25.42,3.33,9.3800244
2112,LAGUNA,ALAJUELA,ZARCERO,combinada,122.0,40.00,0.33,1.2,18.94,23.31,23.12,19.92,3.55,8.5160796
2112,LAGUNA,ALAJUELA,ZARCERO,sobrepeso,122.0,30.00,0.25,1.2,18.94,23.31,23.12,19.92,3.55,8.5160796
2112,LAGUNA,ALAJUELA,ZARCERO,obesidad,122.0,10.0,0.08,1.2,18.94,23.31,23.12,19.92,3.55,8.5160796
2113,TAPESCO,ALAJUELA,ZARCERO,obesidad,82.0,4.0,0.05,0.88,26.59,19.13,27.05,11.59,3.78,8.3660714
2113,TAPESCO,ALAJUELA,ZARCERO,combinada,82.0,21.00,0.26,0.88,26.59,19.13,27.05,11.59,3.78,8.3660714
2113,TAPESCO,ALAJUELA,ZARCERO,sobrepeso,82.0,17.00,0.21,0.88,26.59,19.13,27.05,11.59,3.78,8.3660714
2114,GUADALUPE,ALAJUELA,ZARCERO,obesidad,63.0,6.0,0.1,1.77,36.15,24.27,25.7,14.24,3.72,7.1534772
2114,GUADALUPE,ALAJUELA,ZARCERO,combinada,63.0,16.00,0.25,1.77,36.15,24.27,25.7,14.24,3.72,7.1534772
2114,GUADALUPE,ALAJUELA,ZARCERO,sobrepeso,63.0,10.00,0.16,1.77,36.15,24.27,25.7,14.24,3.72,7.1534772
2115,PALMIRA,ALAJUELA,ZARCERO,combinada,140.0,36.00,0.26,0.68,79.46,24.38,25.26,13.7,3.65,7.0718954
2115,PALMIRA,ALAJUELA,ZARCERO,obesidad,140.0,16.0,0.11,0.68,79.46,24.38,25.26,13.7,3.65,7.0718954
2115,PALMIRA,ALAJUELA,ZARCERO,sobrepeso,140.0,20.00,0.14,0.68,79.46,24.38,25.26,13.7,3.65,7.0718954
2116,ZAPOTE,ALAJUELA,ZARCERO,combinada,51.0,10.00,0.2,1.02,0.0,23.15,27.6,12.81,3.64,7.3007812
2116,ZAPOTE,ALAJUELA,ZARCERO,sobrepeso,51.0,6.00,0.12,1.02,0.0,23.15,27.6,12.81,3.64,7.3007812
2116,ZAPOTE,ALAJUELA,ZARCERO,obesidad,51.0,4.0,0.08,1.02,0.0,23.15,27.6,12.81,3.64,7.3007812
2117,BRISAS,ALAJUELA,ZARCERO,sobrepeso,102.0,21.00,0.21,0.85,38.43,22.43,26.34,9.72,3.74,8.044898
2117,BRISAS,ALAJUELA,ZARCERO,obesidad,102.0,12.0,0.12,0.85,38.43,22.43,26.34,9.72,3.74,8.044898
2117,BRISAS,ALAJUELA,ZARCERO,combinada,102.0,33.00,0.32,0.85,38.43,22.43,26.34,9.72,3.74,8.044898
2121,SARCHI NORTE,ALAJUELA,SARCHI,combinada,520.0,195.00,0.38,2.34,47.1,21.85,24.29,23.44,3.45,8.4068508
2121,SARCHI NORTE,ALAJUELA,SARCHI,sobrepeso,520.0,106.00,0.2,2.34,47.1,21.85,24.29,23.44,3.45,8.4068508
2121,SARCHI NORTE,ALAJUELA,SARCHI,obesidad,520.0,89.0,0.17,2.34,47.1,21.85,24.29,23.44,3.45,8.4068508
2122,SARCHI SUR,ALAJUELA,SARCHI,sobrepeso,498.0,89.00,0.18,3.58,37.62,22.32,23.88,21.91,3.53,7.8502935
2122,SARCHI SUR,ALAJUELA,SARCHI,combinada,498.0,162.00,0.33,3.58,37.62,22.32,23.88,21.91,3.53,7.8502935
2122,SARCHI SUR,ALAJUELA,SARCHI,obesidad,498.0,73.0,0.15,3.58,37.62,22.32,23.88,21.91,3.53,7.8502935
2123,TORO AMARILLO,ALAJUELA,SARCHI,obesidad,23.0,3.0,0.13,3.91,24.91,32.22,23.44,7.78,3.02,6.1595745
2123,TORO AMARILLO,ALAJUELA,SARCHI,sobrepeso,23.0,6.00,0.26,3.91,24.91,32.22,23.44,7.78,3.02,6.1595745
2123,TORO AMARILLO,ALAJUELA,SARCHI,combinada,23.0,9.00,0.39,3.91,24.91,32.22,23.44,7.78,3.02,6.1595745
2124,SAN PEDRO,ALAJUELA,SARCHI,combinada,296.0,105.00,0.35,2.51,30.87,21.5,25.06,19.11,3.66,7.5069767
2124,SAN PEDRO,ALAJUELA,SARCHI,obesidad,296.0,44.0,0.15,2.51,30.87,21.5,25.06,19.11,3.66,7.5069767
2124,SAN PEDRO,ALAJUELA,SARCHI,sobrepeso,296.0,61.00,0.21,2.51,30.87,21.5,25.06,19.11,3.66,7.5069767
2125,RODRIGUEZ,ALAJUELA,SARCHI,combinada,176.0,62.00,0.35,5.21,13.25,22.77,26.4,15.51,3.58,7.910804
2125,RODRIGUEZ,ALAJUELA,SARCHI,obesidad,176.0,35.0,0.2,5.21,13.25,22.77,26.4,15.51,3.58,7.910804
2125,RODRIGUEZ,ALAJUELA,SARCHI,sobrepeso,176.0,27.00,0.15,5.21,13.25,22.77,26.4,15.51,3.58,7.910804
2131,UPALA,ALAJUELA,UPALA,combinada,973.0,280.00,0.29,2.86,37.61,32.58,30.47,21.67,3.62,7.6301557
2131,UPALA,ALAJUELA,UPALA,sobrepeso,973.0,176.00,0.18,2.86,37.61,32.58,30.47,21.67,3.62,7.6301557
2131,UPALA,ALAJUELA,UPALA,obesidad,973.0,104.0,0.11,2.86,37.61,32.58,30.47,21.67,3.62,7.6301557
2132,AGUAS CLARAS,ALAJUELA,UPALA,combinada,493.0,140.00,0.28,3.44,21.02,39.72,29.2,16.45,3.5,6.6300646
2132,AGUAS CLARAS,ALAJUELA,UPALA,obesidad,493.0,49.0,0.1,3.44,21.02,39.72,29.2,16.45,3.5,6.6300646
2132,AGUAS CLARAS,ALAJUELA,UPALA,sobrepeso,493.0,91.00,0.18,3.44,21.02,39.72,29.2,16.45,3.5,6.6300646
2133,SAN JOSE O PIZOTE,ALAJUELA,UPALA,sobrepeso,582.0,102.00,0.18,1.68,5.16,51.63,32.75,16.55,4.05,6.1498973
2133,SAN JOSE O PIZOTE,ALAJUELA,UPALA,obesidad,582.0,70.0,0.12,1.68,5.16,51.63,32.75,16.55,4.05,6.1498973
2133,SAN JOSE O PIZOTE,ALAJUELA,UPALA,combinada,582.0,172.00,0.3,1.68,5.16,51.63,32.75,16.55,4.05,6.1498973
2134,BIJAGUA,ALAJUELA,UPALA,combinada,475.0,146.00,0.31,1.82,14.41,31.68,27.1,15.66,3.32,6.9486866
2134,BIJAGUA,ALAJUELA,UPALA,obesidad,475.0,49.0,0.1,1.82,14.41,31.68,27.1,15.66,3.32,6.9486866
2134,BIJAGUA,ALAJUELA,UPALA,sobrepeso,475.0,97.00,0.2,1.82,14.41,31.68,27.1,15.66,3.32,6.9486866
2135,DELICIAS,ALAJUELA,UPALA,obesidad,279.0,36.0,0.13,1.24,0.0,55.52,33.24,18.6,4.22,6.0406667
2135,DELICIAS,ALAJUELA,UPALA,sobrepeso,279.0,50.00,0.18,1.24,0.0,55.52,33.24,18.6,4.22,6.0406667
2135,DELICIAS,ALAJUELA,UPALA,combinada,279.0,86.00,0.31,1.24,0.0,55.52,33.24,18.6,4.22,6.0406667
2136,DOS RIOS,ALAJUELA,UPALA,sobrepeso,191.0,36.00,0.19,3.49,14.56,53.03,34.41,14.14,4.03,6.1029703
2136,DOS RIOS,ALAJUELA,UPALA,combinada,191.0,65.00,0.34,3.49,14.56,53.03,34.41,14.14,4.03,6.1029703
2136,DOS RIOS,ALAJUELA,UPALA,obesidad,191.0,29.0,0.15,3.49,14.56,53.03,34.41,14.14,4.03,6.1029703
2137,YOLILLAL,ALAJUELA,UPALA,obesidad,279.0,27.0,0.1,2.7,24.43,49.32,32.1,16.85,4.1,5.8311927
2137,YOLILLAL,ALAJUELA,UPALA,sobrepeso,279.0,41.00,0.15,2.7,24.43,49.32,32.1,16.85,4.1,5.8311927
2137,YOLILLAL,ALAJUELA,UPALA,combinada,279.0,68.00,0.24,2.7,24.43,49.32,32.1,16.85,4.1,5.8311927
2141,LOS CHILES,ALAJUELA,LOS CHILES,combinada,1469.0,442.00,0.3,4.87,31.53,52.69,33.21,20.11,3.94,6.4075249
2141,LOS CHILES,ALAJUELA,LOS CHILES,obesidad,1469.0,161.0,0.11,4.87,31.53,52.69,33.21,20.11,3.94,6.4075249
2141,LOS CHILES,ALAJUELA,LOS CHILES,sobrepeso,1469.0,281.00,0.19,4.87,31.53,52.69,33.21,20.11,3.94,6.4075249
2142,CAÑO NEGRO,ALAJUELA,LOS CHILES,obesidad,120.0,12.0,0.1,0.36,9.68,45.11,28.15,17.27,3.47,6.1074919
2142,CAÑO NEGRO,ALAJUELA,LOS CHILES,combinada,120.0,31.00,0.26,0.36,9.68,45.11,28.15,17.27,3.47,6.1074919
2142,CAÑO NEGRO,ALAJUELA,LOS CHILES,sobrepeso,120.0,19.00,0.16,0.36,9.68,45.11,28.15,17.27,3.47,6.1074919
2143,EL AMPARO,ALAJUELA,LOS CHILES,sobrepeso,505.0,89.00,0.18,2.36,8.14,48.55,31.02,13.21,3.78,6.0424028
2143,EL AMPARO,ALAJUELA,LOS CHILES,combinada,505.0,160.00,0.32,2.36,8.14,48.55,31.02,13.21,3.78,6.0424028
2143,EL AMPARO,ALAJUELA,LOS CHILES,obesidad,505.0,71.0,0.14,2.36,8.14,48.55,31.02,13.21,3.78,6.0424028
2144,SAN JORGE,ALAJUELA,LOS CHILES,combinada,111.0,31.00,0.28,4.24,0.0,44.29,28.73,9.77,3.68,6.1789709
2144,SAN JORGE,ALAJUELA,LOS CHILES,sobrepeso,111.0,15.00,0.14,4.24,0.0,44.29,28.73,9.77,3.68,6.1789709
2144,SAN JORGE,ALAJUELA,LOS CHILES,obesidad,111.0,16.0,0.14,4.24,0.0,44.29,28.73,9.77,3.68,6.1789709
2151,SAN RAFAEL,ALAJUELA,GUATUSO,combinada,540.0,169.00,0.31,3.89,28.85,34.79,30.11,18.89,3.53,7.0441595
2151,SAN RAFAEL,ALAJUELA,GUATUSO,sobrepeso,540.0,106.00,0.2,3.89,28.85,34.79,30.11,18.89,3.53,7.0441595
2151,SAN RAFAEL,ALAJUELA,GUATUSO,obesidad,540.0,63.0,0.12,3.89,28.85,34.79,30.11,18.89,3.53,7.0441595
2152,BUENAVISTA,ALAJUELA,GUATUSO,obesidad,752.0,78.0,0.1,1.48,0.0,42.05,27.78,14.38,3.42,6.5446266
2152,BUENAVISTA,ALAJUELA,GUATUSO,combinada,752.0,197.00,0.26,1.48,0.0,42.05,27.78,14.38,3.42,6.5446266
2152,BUENAVISTA,ALAJUELA,GUATUSO,sobrepeso,752.0,119.00,0.16,1.48,0.0,42.05,27.78,14.38,3.42,6.5446266
2153,COTE,ALAJUELA,GUATUSO,obesidad,129.0,19.0,0.15,2.28,0.0,47.48,25.49,14.03,3.12,5.6470588
2153,COTE,ALAJUELA,GUATUSO,combinada,129.0,39.00,0.3,2.28,0.0,47.48,25.49,14.03,3.12,5.6470588
2153,COTE,ALAJUELA,GUATUSO,sobrepeso,129.0,20.00,0.16,2.28,0.0,47.48,25.49,14.03,3.12,5.6470588
2154,KATIRA,ALAJUELA,GUATUSO,combinada,5.0,1.00,0.2,1.91,7.2,38.35,29.0,16.24,3.38,6.3176936
2154,KATIRA,ALAJUELA,GUATUSO,sobrepeso,5.0,1.00,0.2,1.91,7.2,38.35,29.0,16.24,3.38,6.3176936
2154,KATIRA,ALAJUELA,GUATUSO,obesidad,5.0,0.0,0.0,1.91,7.2,38.35,29.0,16.24,3.38,6.3176936
3011,ORIENTAL,CARTAGO,CARTAGO,sobrepeso,1111.0,229.00,0.21,3.12,100.0,9.42,14.94,32.19,3.11,11.2376988
3011,ORIENTAL,CARTAGO,CARTAGO,combinada,1111.0,400.00,0.36,3.12,100.0,9.42,14.94,32.19,3.11,11.2376988
3011,ORIENTAL,CARTAGO,CARTAGO,obesidad,1111.0,171.0,0.15,3.12,100.0,9.42,14.94,32.19,3.11,11.2376988
3012,OCCIDENTAL,CARTAGO,CARTAGO,obesidad,906.0,136.0,0.15,2.57,100.0,10.73,15.53,29.86,3.39,11.410593
3012,OCCIDENTAL,CARTAGO,CARTAGO,combinada,906.0,322.00,0.36,2.57,100.0,10.73,15.53,29.86,3.39,11.410593
3012,OCCIDENTAL,CARTAGO,CARTAGO,sobrepeso,906.0,186.00,0.21,2.57,100.0,10.73,15.53,29.86,3.39,11.410593
3013,CARMEN,CARTAGO,CARTAGO,obesidad,1114.0,168.0,0.15,3.04,100.0,21.45,21.23,24.24,3.65,9.4517173
3013,CARMEN,CARTAGO,CARTAGO,sobrepeso,1114.0,233.00,0.21,3.04,100.0,21.45,21.23,24.24,3.65,9.4517173
3013,CARMEN,CARTAGO,CARTAGO,combinada,1114.0,401.00,0.36,3.04,100.0,21.45,21.23,24.24,3.65,9.4517173
3014,SAN NICOLAS,CARTAGO,CARTAGO,obesidad,2157.0,292.0,0.14,3.77,100.0,24.14,25.42,23.6,3.79,8.4490161
3014,SAN NICOLAS,CARTAGO,CARTAGO,sobrepeso,2157.0,435.00,0.2,3.77,100.0,24.14,25.42,23.6,3.79,8.4490161
3014,SAN NICOLAS,CARTAGO,CARTAGO,combinada,2157.0,727.00,0.34,3.77,100.0,24.14,25.42,23.6,3.79,8.4490161
3015,AGUACALIENTE O SAN FRANCISCO,CARTAGO,CARTAGO,obesidad,2313.0,318.0,0.14,4.11,96.17,17.2,25.08,23.43,3.87,8.8715791
3015,AGUACALIENTE O SAN FRANCISCO,CARTAGO,CARTAGO,sobrepeso,2313.0,473.00,0.2,4.11,96.17,17.2,25.08,23.43,3.87,8.8715791
3015,AGUACALIENTE O SAN FRANCISCO,CARTAGO,CARTAGO,combinada,2313.0,791.00,0.34,4.11,96.17,17.2,25.08,23.43,3.87,8.8715791
3016,GUADALUPE O ARENILLA,CARTAGO,CARTAGO,sobrepeso,1025.0,216.00,0.21,3.22,98.52,16.95,22.98,22.74,3.72,9.4297265
3016,GUADALUPE O ARENILLA,CARTAGO,CARTAGO,obesidad,1025.0,138.0,0.13,3.22,98.52,16.95,22.98,22.74,3.72,9.4297265
3016,GUADALUPE O ARENILLA,CARTAGO,CARTAGO,combinada,1025.0,354.00,0.35,3.22,98.52,16.95,22.98,22.74,3.72,9.4297265
3017,CORRALILLO,CARTAGO,CARTAGO,obesidad,699.0,93.0,0.13,2.33,18.43,22.07,22.89,17.62,3.64,7.7016683
3017,CORRALILLO,CARTAGO,CARTAGO,combinada,699.0,258.00,0.37,2.33,18.43,22.07,22.89,17.62,3.64,7.7016683
3017,CORRALILLO,CARTAGO,CARTAGO,sobrepeso,699.0,165.00,0.24,2.33,18.43,22.07,22.89,17.62,3.64,7.7016683
3018,TIERRA BLANCA,CARTAGO,CARTAGO,combinada,424.0,179.00,0.42,1.18,88.48,23.08,25.65,13.64,4.46,7.258148
3018,TIERRA BLANCA,CARTAGO,CARTAGO,sobrepeso,424.0,106.00,0.25,1.18,88.48,23.08,25.65,13.64,4.46,7.258148
3018,TIERRA BLANCA,CARTAGO,CARTAGO,obesidad,424.0,73.0,0.17,1.18,88.48,23.08,25.65,13.64,4.46,7.258148
3019,DULCE NOMBRE,CARTAGO,CARTAGO,obesidad,941.0,139.0,0.15,2.89,93.58,12.34,24.55,21.01,3.49,9.606303
3019,DULCE NOMBRE,CARTAGO,CARTAGO,sobrepeso,941.0,197.00,0.21,2.89,93.58,12.34,24.55,21.01,3.49,9.606303
3019,DULCE NOMBRE,CARTAGO,CARTAGO,combinada,941.0,336.00,0.36,2.89,93.58,12.34,24.55,21.01,3.49,9.606303
3021,PARAISO,CARTAGO,PARAISO,obesidad,2025.0,278.0,0.14,3.55,88.59,17.63,21.92,20.6,3.67,8.8895788
3021,PARAISO,CARTAGO,PARAISO,sobrepeso,2025.0,435.00,0.21,3.55,88.59,17.63,21.92,20.6,3.67,8.8895788
3021,PARAISO,CARTAGO,PARAISO,combinada,2025.0,713.00,0.35,3.55,88.59,17.63,21.92,20.6,3.67,8.8895788
3022,SANTIAGO,CARTAGO,PARAISO,obesidad,653.0,76.0,0.12,2.64,8.42,31.73,27.5,17.68,3.79,6.8615538
3022,SANTIAGO,CARTAGO,PARAISO,sobrepeso,653.0,132.00,0.2,2.64,8.42,31.73,27.5,17.68,3.79,6.8615538
3022,SANTIAGO,CARTAGO,PARAISO,combinada,653.0,208.00,0.32,2.64,8.42,31.73,27.5,17.68,3.79,6.8615538
3023,OROSI,CARTAGO,PARAISO,combinada,796.0,266.00,0.33,2.96,63.73,28.08,24.47,20.51,3.82,7.0521286
3023,OROSI,CARTAGO,PARAISO,obesidad,796.0,115.0,0.14,2.96,63.73,28.08,24.47,20.51,3.82,7.0521286
3023,OROSI,CARTAGO,PARAISO,sobrepeso,796.0,151.00,0.19,2.96,63.73,28.08,24.47,20.51,3.82,7.0521286
3024,CACHI,CARTAGO,PARAISO,sobrepeso,460.0,79.00,0.17,3.7,53.66,25.58,23.78,18.27,3.82,6.9686898
3024,CACHI,CARTAGO,PARAISO,combinada,460.0,136.00,0.3,3.7,53.66,25.58,23.78,18.27,3.82,6.9686898
3024,CACHI,CARTAGO,PARAISO,obesidad,460.0,57.0,0.12,3.7,53.66,25.58,23.78,18.27,3.82,6.9686898
3025,LLANOS DE SANTA LUCIA,CARTAGO,PARAISO,sobrepeso,1358.0,263.00,0.19,4.54,99.41,25.22,28.51,25.51,4.03,7.6425151
3025,LLANOS DE SANTA LUCIA,CARTAGO,PARAISO,obesidad,1358.0,168.0,0.12,4.54,99.41,25.22,28.51,25.51,4.03,7.6425151
3025,LLANOS DE SANTA LUCIA,CARTAGO,PARAISO,combinada,1358.0,431.00,0.32,4.54,99.41,25.22,28.51,25.51,4.03,7.6425151
3031,TRES RIOS,CARTAGO,LA UNION,sobrepeso,1062.0,218.00,0.21,2.67,100.0,10.19,16.64,30.77,3.47,10.3690905
3031,TRES RIOS,CARTAGO,LA UNION,combinada,1062.0,393.00,0.37,2.67,100.0,10.19,16.64,30.77,3.47,10.3690905
3031,TRES RIOS,CARTAGO,LA UNION,obesidad,1062.0,175.0,0.16,2.67,100.0,10.19,16.64,30.77,3.47,10.3690905
3032,SAN DIEGO,CARTAGO,LA UNION,sobrepeso,1785.0,379.00,0.21,3.92,96.2,17.99,24.8,24.38,3.66,9.1794631
3032,SAN DIEGO,CARTAGO,LA UNION,combinada,1785.0,648.00,0.36,3.92,96.2,17.99,24.8,24.38,3.66,9.1794631
3032,SAN DIEGO,CARTAGO,LA UNION,obesidad,1785.0,269.0,0.15,3.92,96.2,17.99,24.8,24.38,3.66,9.1794631
3033,SAN JUAN,CARTAGO,LA UNION,sobrepeso,728.0,181.00,0.25,2.67,100.0,5.66,22.07,23.41,3.2,12.190393
3033,SAN JUAN,CARTAGO,LA UNION,obesidad,728.0,94.0,0.13,2.67,100.0,5.66,22.07,23.41,3.2,12.190393
3033,SAN JUAN,CARTAGO,LA UNION,combinada,728.0,275.00,0.38,2.67,100.0,5.66,22.07,23.41,3.2,12.190393
3034,SAN RAFAEL,CARTAGO,LA UNION,sobrepeso,1037.0,218.00,0.21,3.71,89.68,18.35,25.61,22.0,3.71,9.3121846
3034,SAN RAFAEL,CARTAGO,LA UNION,obesidad,1037.0,152.0,0.15,3.71,89.68,18.35,25.61,22.0,3.71,9.3121846
3034,SAN RAFAEL,CARTAGO,LA UNION,combinada,1037.0,370.00,0.36,3.71,89.68,18.35,25.61,22.0,3.71,9.3121846
3035,CONCEPCION,CARTAGO,LA UNION,combinada,1727.0,653.00,0.38,3.6,100.0,18.37,25.06,22.35,3.6,8.899285
3035,CONCEPCION,CARTAGO,LA UNION,obesidad,1727.0,292.0,0.17,3.6,100.0,18.37,25.06,22.35,3.6,8.899285
3035,CONCEPCION,CARTAGO,LA UNION,sobrepeso,1727.0,361.00,0.21,3.6,100.0,18.37,25.06,22.35,3.6,8.899285
3036,DULCE NOMBRE,CARTAGO,LA UNION,obesidad,805.0,119.0,0.15,3.85,97.44,24.24,28.24,24.49,3.89,7.9668583
3036,DULCE NOMBRE,CARTAGO,LA UNION,sobrepeso,805.0,167.00,0.21,3.85,97.44,24.24,28.24,24.49,3.89,7.9668583
3036,DULCE NOMBRE,CARTAGO,LA UNION,combinada,805.0,286.00,0.36,3.85,97.44,24.24,28.24,24.49,3.89,7.9668583
3037,SAN RAMON,CARTAGO,LA UNION,sobrepeso,247.0,47.00,0.19,1.73,100.0,12.32,20.84,24.38,3.46,10.5918967
3037,SAN RAMON,CARTAGO,LA UNION,obesidad,247.0,38.0,0.15,1.73,100.0,12.32,20.84,24.38,3.46,10.5918967
3037,SAN RAMON,CARTAGO,LA UNION,combinada,247.0,85.00,0.34,1.73,100.0,12.32,20.84,24.38,3.46,10.5918967
3038,RIO AZUL,CARTAGO,LA UNION,combinada,946.0,332.00,0.35,3.67,95.83,38.15,29.67,22.53,3.8,7.1096909
3038,RIO AZUL,CARTAGO,LA UNION,obesidad,946.0,117.0,0.12,3.67,95.83,38.15,29.67,22.53,3.8,7.1096909
3038,RIO AZUL,CARTAGO,LA UNION,sobrepeso,946.0,215.00,0.23,3.67,95.83,38.15,29.67,22.53,3.8,7.1096909
3041,JUAN VIÑAS,CARTAGO,JIMENEZ,sobrepeso,501.0,103.00,0.21,2.32,70.53,22.89,21.58,22.19,3.55,7.6960784
3041,JUAN VIÑAS,CARTAGO,JIMENEZ,obesidad,501.0,81.0,0.16,2.32,70.53,22.89,21.58,22.19,3.55,7.6960784
3041,JUAN VIÑAS,CARTAGO,JIMENEZ,combinada,501.0,184.00,0.37,2.32,70.53,22.89,21.58,22.19,3.55,7.6960784
3042,TUCURRIQUE,CARTAGO,JIMENEZ,sobrepeso,458.0,90.00,0.2,3.49,47.72,28.7,27.16,19.61,3.44,7.0913677
3042,TUCURRIQUE,CARTAGO,JIMENEZ,obesidad,458.0,71.0,0.16,3.49,47.72,28.7,27.16,19.61,3.44,7.0913677
3042,TUCURRIQUE,CARTAGO,JIMENEZ,combinada,458.0,161.00,0.35,3.49,47.72,28.7,27.16,19.61,3.44,7.0913677
3043,PEJIBAYE,CARTAGO,JIMENEZ,combinada,287.0,99.00,0.34,2.74,23.57,23.93,23.39,18.91,3.47,7.1366906
3043,PEJIBAYE,CARTAGO,JIMENEZ,obesidad,287.0,47.0,0.16,2.74,23.57,23.93,23.39,18.91,3.47,7.1366906
3043,PEJIBAYE,CARTAGO,JIMENEZ,sobrepeso,287.0,52.00,0.18,2.74,23.57,23.93,23.39,18.91,3.47,7.1366906
3051,TURRIALBA,CARTAGO,TURRIALBA,sobrepeso,2391.0,531.00,0.22,2.74,74.36,16.95,21.43,25.96,3.19,9.3056013
3051,TURRIALBA,CARTAGO,TURRIALBA,obesidad,2391.0,465.0,0.19,2.74,74.36,16.95,21.43,25.96,3.19,9.3056013
3051,TURRIALBA,CARTAGO,TURRIALBA,combinada,2391.0,996.00,0.42,2.74,74.36,16.95,21.43,25.96,3.19,9.3056013
3052,LA SUIZA,CARTAGO,TURRIALBA,combinada,623.0,209.00,0.34,4.23,65.84,26.07,23.15,20.72,3.36,7.4683075
3052,LA SUIZA,CARTAGO,TURRIALBA,obesidad,623.0,90.0,0.14,4.23,65.84,26.07,23.15,20.72,3.36,7.4683075
3052,LA SUIZA,CARTAGO,TURRIALBA,sobrepeso,623.0,119.00,0.19,4.23,65.84,26.07,23.15,20.72,3.36,7.4683075
3053,PERALTA,CARTAGO,TURRIALBA,obesidad,38.0,7.0,0.18,2.27,0.0,42.31,25.05,11.54,3.28,5.6144578
3053,PERALTA,CARTAGO,TURRIALBA,sobrepeso,38.0,8.00,0.21,2.27,0.0,42.31,25.05,11.54,3.28,5.6144578
3053,PERALTA,CARTAGO,TURRIALBA,combinada,38.0,15.00,0.39,2.27,0.0,42.31,25.05,11.54,3.28,5.6144578
3054,SANTA CRUZ,CARTAGO,TURRIALBA,sobrepeso,298.0,64.00,0.21,2.44,0.0,41.37,24.0,15.8,3.33,7.2047377
3054,SANTA CRUZ,CARTAGO,TURRIALBA,obesidad,298.0,57.0,0.19,2.44,0.0,41.37,24.0,15.8,3.33,7.2047377
3054,SANTA CRUZ,CARTAGO,TURRIALBA,combinada,298.0,121.00,0.41,2.44,0.0,41.37,24.0,15.8,3.33,7.2047377
3055,SANTA TERESITA,CARTAGO,TURRIALBA,sobrepeso,415.0,89.00,0.21,2.78,7.97,32.54,24.77,16.98,3.24,6.4350721
3055,SANTA TERESITA,CARTAGO,TURRIALBA,obesidad,415.0,61.0,0.15,2.78,7.97,32.54,24.77,16.98,3.24,6.4350721
3055,SANTA TERESITA,CARTAGO,TURRIALBA,combinada,415.0,150.00,0.36,2.78,7.97,32.54,24.77,16.98,3.24,6.4350721
3056,PAVONES,CARTAGO,TURRIALBA,sobrepeso,318.0,58.00,0.18,3.47,63.08,30.82,23.71,18.6,3.37,6.9650181
3056,PAVONES,CARTAGO,TURRIALBA,combinada,318.0,117.00,0.37,3.47,63.08,30.82,23.71,18.6,3.37,6.9650181
3056,PAVONES,CARTAGO,TURRIALBA,obesidad,318.0,59.0,0.19,3.47,63.08,30.82,23.71,18.6,3.37,6.9650181
3057,TUIS,CARTAGO,TURRIALBA,obesidad,185.0,29.0,0.16,3.2,37.5,28.34,24.0,17.35,3.21,7.0419385
3057,TUIS,CARTAGO,TURRIALBA,sobrepeso,185.0,30.00,0.16,3.2,37.5,28.34,24.0,17.35,3.21,7.0419385
3057,TUIS,CARTAGO,TURRIALBA,combinada,185.0,59.00,0.32,3.2,37.5,28.34,24.0,17.35,3.21,7.0419385
3058,TAYUTIC,CARTAGO,TURRIALBA,sobrepeso,208.0,46.00,0.22,2.33,47.77,31.62,27.21,15.1,3.38,7.035503
3058,TAYUTIC,CARTAGO,TURRIALBA,obesidad,208.0,27.0,0.13,2.33,47.77,31.62,27.21,15.1,3.38,7.035503
3058,TAYUTIC,CARTAGO,TURRIALBA,combinada,208.0,73.00,0.35,2.33,47.77,31.62,27.21,15.1,3.38,7.035503
3059,SANTA ROSA,CARTAGO,TURRIALBA,combinada,356.0,124.00,0.35,2.4,74.62,14.29,22.19,21.79,3.25,8.2112211
3059,SANTA ROSA,CARTAGO,TURRIALBA,sobrepeso,356.0,78.00,0.22,2.4,74.62,14.29,22.19,21.79,3.25,8.2112211
3059,SANTA ROSA,CARTAGO,TURRIALBA,obesidad,356.0,46.0,0.13,2.4,74.62,14.29,22.19,21.79,3.25,8.2112211
3061,PACAYAS,CARTAGO,ALVARADO,sobrepeso,538.0,104.00,0.19,1.52,59.35,28.27,24.89,14.62,3.91,7.1886969
3061,PACAYAS,CARTAGO,ALVARADO,obesidad,538.0,69.0,0.13,1.52,59.35,28.27,24.89,14.62,3.91,7.1886969
3061,PACAYAS,CARTAGO,ALVARADO,combinada,538.0,173.00,0.32,1.52,59.35,28.27,24.89,14.62,3.91,7.1886969
3062,CERVANTES,CARTAGO,ALVARADO,combinada,532.0,170.00,0.32,1.72,68.48,22.38,26.02,19.54,3.83,7.2195333
3062,CERVANTES,CARTAGO,ALVARADO,sobrepeso,532.0,106.00,0.2,1.72,68.48,22.38,26.02,19.54,3.83,7.2195333
3062,CERVANTES,CARTAGO,ALVARADO,obesidad,532.0,64.0,0.12,1.72,68.48,22.38,26.02,19.54,3.83,7.2195333
3063,CAPELLADES,CARTAGO,ALVARADO,combinada,181.0,78.00,0.43,1.0,55.01,26.48,24.21,14.07,3.71,7.3394995
3063,CAPELLADES,CARTAGO,ALVARADO,sobrepeso,181.0,52.00,0.29,1.0,55.01,26.48,24.21,14.07,3.71,7.3394995
3063,CAPELLADES,CARTAGO,ALVARADO,obesidad,181.0,26.0,0.14,1.0,55.01,26.48,24.21,14.07,3.71,7.3394995
3071,SAN RAFAEL,CARTAGO,OREAMUNO,obesidad,2108.0,314.0,0.15,3.48,96.83,17.7,23.33,23.17,3.75,9.2855448
3071,SAN RAFAEL,CARTAGO,OREAMUNO,combinada,2108.0,743.00,0.35,3.48,96.83,17.7,23.33,23.17,3.75,9.2855448
3071,SAN RAFAEL,CARTAGO,OREAMUNO,sobrepeso,2108.0,429.00,0.2,3.48,96.83,17.7,23.33,23.17,3.75,9.2855448
3072,COT,CARTAGO,OREAMUNO,sobrepeso,903.0,182.00,0.2,2.26,82.66,29.53,28.84,21.26,4.44,7.13797
3072,COT,CARTAGO,OREAMUNO,combinada,903.0,323.00,0.36,2.26,82.66,29.53,28.84,21.26,4.44,7.13797
3072,COT,CARTAGO,OREAMUNO,obesidad,903.0,141.0,0.16,2.26,82.66,29.53,28.84,21.26,4.44,7.13797
3073,POTRERO CERRADO,CARTAGO,OREAMUNO,sobrepeso,160.0,37.00,0.23,0.81,64.31,32.5,26.7,14.9,4.1,6.9414576
3073,POTRERO CERRADO,CARTAGO,OREAMUNO,obesidad,160.0,20.0,0.13,0.81,64.31,32.5,26.7,14.9,4.1,6.9414576
3073,POTRERO CERRADO,CARTAGO,OREAMUNO,combinada,160.0,57.00,0.36,0.81,64.31,32.5,26.7,14.9,4.1,6.9414576
3074,CIPRESES,CARTAGO,OREAMUNO,combinada,291.0,117.00,0.4,1.5,57.35,23.55,26.11,13.25,4.05,7.3410104
3074,CIPRESES,CARTAGO,OREAMUNO,obesidad,291.0,51.0,0.18,1.5,57.35,23.55,26.11,13.25,4.05,7.3410104
3074,CIPRESES,CARTAGO,OREAMUNO,sobrepeso,291.0,66.00,0.23,1.5,57.35,23.55,26.11,13.25,4.05,7.3410104
3075,SANTA ROSA,CARTAGO,OREAMUNO,sobrepeso,236.0,52.00,0.22,0.46,70.31,31.2,25.06,13.44,4.18,6.6049638
3075,SANTA ROSA,CARTAGO,OREAMUNO,obesidad,236.0,47.0,0.2,0.46,70.31,31.2,25.06,13.44,4.18,6.6049638
3075,SANTA ROSA,CARTAGO,OREAMUNO,combinada,236.0,99.00,0.42,0.46,70.31,31.2,25.06,13.44,4.18,6.6049638
3081,EL TEJAR,CARTAGO,EL GUARCO,sobrepeso,2231.0,459.00,0.21,3.19,99.08,14.57,24.05,21.07,3.69,9.5669489
3081,EL TEJAR,CARTAGO,EL GUARCO,combinada,2231.0,723.00,0.32,3.19,99.08,14.57,24.05,21.07,3.69,9.5669489
3081,EL TEJAR,CARTAGO,EL GUARCO,obesidad,2231.0,264.0,0.12,3.19,99.08,14.57,24.05,21.07,3.69,9.5669489
3082,SAN ISIDRO,CARTAGO,EL GUARCO,sobrepeso,876.0,169.00,0.19,3.71,57.47,34.18,26.52,15.94,3.83,7.0167566
3082,SAN ISIDRO,CARTAGO,EL GUARCO,combinada,876.0,285.00,0.33,3.71,57.47,34.18,26.52,15.94,3.83,7.0167566
3082,SAN ISIDRO,CARTAGO,EL GUARCO,obesidad,876.0,116.0,0.13,3.71,57.47,34.18,26.52,15.94,3.83,7.0167566
3083,TOBOSI,CARTAGO,EL GUARCO,obesidad,557.0,80.0,0.14,3.08,94.92,24.32,27.23,18.21,4.05,7.2568077
3083,TOBOSI,CARTAGO,EL GUARCO,combinada,557.0,192.00,0.34,3.08,94.92,24.32,27.23,18.21,4.05,7.2568077
3083,TOBOSI,CARTAGO,EL GUARCO,sobrepeso,557.0,112.00,0.2,3.08,94.92,24.32,27.23,18.21,4.05,7.2568077
3084,PATIO DE AGUA,CARTAGO,EL GUARCO,combinada,64.0,13.00,0.2,8.62,0.0,30.17,23.79,10.34,3.52,5.8311688
3084,PATIO DE AGUA,CARTAGO,EL GUARCO,obesidad,64.0,6.0,0.09,8.62,0.0,30.17,23.79,10.34,3.52,5.8311688
3084,PATIO DE AGUA,CARTAGO,EL GUARCO,sobrepeso,64.0,7.00,0.11,8.62,0.0,30.17,23.79,10.34,3.52,5.8311688
4011,HEREDIA,HEREDIA,HEREDIA,sobrepeso,2149.0,448.00,0.21,2.99,100.0,9.96,14.05,34.52,2.94,11.4137418
4011,HEREDIA,HEREDIA,HEREDIA,obesidad,2149.0,343.0,0.16,2.99,100.0,9.96,14.05,34.52,2.94,11.4137418
4011,HEREDIA,HEREDIA,HEREDIA,combinada,2149.0,791.00,0.37,2.99,100.0,9.96,14.05,34.52,2.94,11.4137418
4012,MERCEDES,HEREDIA,HEREDIA,combinada,1197.0,446.00,0.37,2.87,100.0,8.25,20.25,24.72,3.29,11.3197802
4012,MERCEDES,HEREDIA,HEREDIA,sobrepeso,1197.0,254.00,0.21,2.87,100.0,8.25,20.25,24.72,3.29,11.3197802
4012,MERCEDES,HEREDIA,HEREDIA,obesidad,1197.0,192.0,0.16,2.87,100.0,8.25,20.25,24.72,3.29,11.3197802
4013,SAN FRANCISCO,HEREDIA,HEREDIA,sobrepeso,3250.0,648.00,0.2,3.43,100.0,18.33,24.03,26.59,3.6,9.7762783
4013,SAN FRANCISCO,HEREDIA,HEREDIA,obesidad,3250.0,449.0,0.14,3.43,100.0,18.33,24.03,26.59,3.6,9.7762783
4013,SAN FRANCISCO,HEREDIA,HEREDIA,combinada,3250.0,"1,097.00",0.34,3.43,100.0,18.33,24.03,26.59,3.6,9.7762783
4014,ULLOA,HEREDIA,HEREDIA,obesidad,1509.0,228.0,0.15,3.21,100.0,13.78,23.55,24.47,3.49,10.0956808
4014,ULLOA,HEREDIA,HEREDIA,sobrepeso,1509.0,328.00,0.22,3.21,100.0,13.78,23.55,24.47,3.49,10.0956808
4014,ULLOA,HEREDIA,HEREDIA,combinada,1509.0,556.00,0.37,3.21,100.0,13.78,23.55,24.47,3.49,10.0956808
4015,VARABLANCA,HEREDIA,HEREDIA,obesidad,45.0,7.0,0.16,0.92,48.43,53.49,24.71,12.09,3.26,6.3041667
4015,VARABLANCA,HEREDIA,HEREDIA,sobrepeso,45.0,14.00,0.31,0.92,48.43,53.49,24.71,12.09,3.26,6.3041667
4015,VARABLANCA,HEREDIA,HEREDIA,combinada,45.0,21.00,0.47,0.92,48.43,53.49,24.71,12.09,3.26,6.3041667
4021,BARVA,HEREDIA,BARVA,obesidad,410.0,71.0,0.17,1.4,100.0,11.53,18.69,27.24,3.37,11.1800838
4021,BARVA,HEREDIA,BARVA,combinada,410.0,159.00,0.39,1.4,100.0,11.53,18.69,27.24,3.37,11.1800838
4021,BARVA,HEREDIA,BARVA,sobrepeso,410.0,88.00,0.21,1.4,100.0,11.53,18.69,27.24,3.37,11.1800838
4022,SAN PEDRO,HEREDIA,BARVA,sobrepeso,596.0,146.00,0.24,2.81,96.8,20.82,23.58,21.11,3.59,9.0869231
4022,SAN PEDRO,HEREDIA,BARVA,obesidad,596.0,95.0,0.16,2.81,96.8,20.82,23.58,21.11,3.59,9.0869231
4022,SAN PEDRO,HEREDIA,BARVA,combinada,596.0,241.00,0.4,2.81,96.8,20.82,23.58,21.11,3.59,9.0869231
4023,SAN PABLO,HEREDIA,BARVA,sobrepeso,484.0,86.00,0.18,2.6,80.92,14.14,22.96,22.82,3.62,9.7746988
4023,SAN PABLO,HEREDIA,BARVA,combinada,484.0,167.00,0.35,2.6,80.92,14.14,22.96,22.82,3.62,9.7746988
4023,SAN PABLO,HEREDIA,BARVA,obesidad,484.0,81.0,0.17,2.6,80.92,14.14,22.96,22.82,3.62,9.7746988
4024,SAN ROQUE,HEREDIA,BARVA,obesidad,289.0,50.0,0.17,1.91,100.0,7.6,22.13,18.49,3.38,11.287944
4024,SAN ROQUE,HEREDIA,BARVA,sobrepeso,289.0,73.00,0.25,1.91,100.0,7.6,22.13,18.49,3.38,11.287944
4024,SAN ROQUE,HEREDIA,BARVA,combinada,289.0,123.00,0.43,1.91,100.0,7.6,22.13,18.49,3.38,11.287944
4025,SANTA LUCIA,HEREDIA,BARVA,obesidad,290.0,45.0,0.16,2.26,100.0,9.71,20.96,21.44,3.41,11.4163411
4025,SANTA LUCIA,HEREDIA,BARVA,sobrepeso,290.0,56.00,0.19,2.26,100.0,9.71,20.96,21.44,3.41,11.4163411
4025,SANTA LUCIA,HEREDIA,BARVA,combinada,290.0,101.00,0.35,2.26,100.0,9.71,20.96,21.44,3.41,11.4163411
4026,SAN JOSE DE LA MONTAÑA,HEREDIA,BARVA,obesidad,468.0,71.0,0.15,2.71,67.6,19.67,24.59,17.43,3.58,9.140748
4026,SAN JOSE DE LA MONTAÑA,HEREDIA,BARVA,combinada,468.0,179.00,0.38,2.71,67.6,19.67,24.59,17.43,3.58,9.140748
4026,SAN JOSE DE LA MONTAÑA,HEREDIA,BARVA,sobrepeso,468.0,108.00,0.23,2.71,67.6,19.67,24.59,17.43,3.58,9.140748
4031,SANTO DOMINGO,HEREDIA,SANTO DOMINGO,obesidad,563.0,101.0,0.18,3.13,100.0,16.11,14.8,33.18,3.02,11.3124719
4031,SANTO DOMINGO,HEREDIA,SANTO DOMINGO,combinada,563.0,221.00,0.39,3.13,100.0,16.11,14.8,33.18,3.02,11.3124719
4031,SANTO DOMINGO,HEREDIA,SANTO DOMINGO,sobrepeso,563.0,120.00,0.21,3.13,100.0,16.11,14.8,33.18,3.02,11.3124719
4032,SAN VICENTE,HEREDIA,SANTO DOMINGO,combinada,360.0,137.00,0.38,2.52,100.0,9.01,18.84,25.09,3.39,11.7965554
4032,SAN VICENTE,HEREDIA,SANTO DOMINGO,obesidad,360.0,56.0,0.16,2.52,100.0,9.01,18.84,25.09,3.39,11.7965554
4032,SAN VICENTE,HEREDIA,SANTO DOMINGO,sobrepeso,360.0,81.00,0.23,2.52,100.0,9.01,18.84,25.09,3.39,11.7965554
4033,SAN MIGUEL,HEREDIA,SANTO DOMINGO,obesidad,459.0,80.0,0.17,2.47,100.0,14.11,19.85,21.46,3.44,9.9058279
4033,SAN MIGUEL,HEREDIA,SANTO DOMINGO,sobrepeso,459.0,109.00,0.24,2.47,100.0,14.11,19.85,21.46,3.44,9.9058279
4033,SAN MIGUEL,HEREDIA,SANTO DOMINGO,combinada,459.0,189.00,0.41,2.47,100.0,14.11,19.85,21.46,3.44,9.9058279
4034,PARACITO,HEREDIA,SANTO DOMINGO,sobrepeso,241.0,50.00,0.21,2.66,100.0,17.01,22.95,20.0,3.51,8.8849765
4034,PARACITO,HEREDIA,SANTO DOMINGO,combinada,241.0,95.00,0.39,2.66,100.0,17.01,22.95,20.0,3.51,8.8849765
4034,PARACITO,HEREDIA,SANTO DOMINGO,obesidad,241.0,45.0,0.19,2.66,100.0,17.01,22.95,20.0,3.51,8.8849765
4035,SANTO TOMAS,HEREDIA,SANTO DOMINGO,combinada,365.0,140.00,0.38,2.7,100.0,11.0,20.01,22.1,3.39,11.0504463
4035,SANTO TOMAS,HEREDIA,SANTO DOMINGO,sobrepeso,365.0,85.00,0.23,2.7,100.0,11.0,20.01,22.1,3.39,11.0504463
4035,SANTO TOMAS,HEREDIA,SANTO DOMINGO,obesidad,365.0,55.0,0.15,2.7,100.0,11.0,20.01,22.1,3.39,11.0504463
4036,SANTA ROSA,HEREDIA,SANTO DOMINGO,sobrepeso,444.0,96.00,0.22,3.71,100.0,17.18,21.68,25.36,3.52,9.5890551
4036,SANTA ROSA,HEREDIA,SANTO DOMINGO,obesidad,444.0,70.0,0.16,3.71,100.0,17.18,21.68,25.36,3.52,9.5890551
4036,SANTA ROSA,HEREDIA,SANTO DOMINGO,combinada,444.0,166.00,0.37,3.71,100.0,17.18,21.68,25.36,3.52,9.5890551
4037,TURES,HEREDIA,SANTO DOMINGO,sobrepeso,376.0,83.00,0.22,3.3,100.0,22.86,23.03,21.09,3.55,9.283284
4037,TURES,HEREDIA,SANTO DOMINGO,obesidad,376.0,55.0,0.15,3.3,100.0,22.86,23.03,21.09,3.55,9.283284
4037,TURES,HEREDIA,SANTO DOMINGO,combinada,376.0,138.00,0.37,3.3,100.0,22.86,23.03,21.09,3.55,9.283284
4038,PARA,HEREDIA,SANTO DOMINGO,obesidad,291.0,44.0,0.15,2.54,100.0,14.62,19.77,22.03,3.38,9.3414809
4038,PARA,HEREDIA,SANTO DOMINGO,sobrepeso,291.0,69.00,0.24,2.54,100.0,14.62,19.77,22.03,3.38,9.3414809
4038,PARA,HEREDIA,SANTO DOMINGO,combinada,291.0,113.00,0.39,2.54,100.0,14.62,19.77,22.03,3.38,9.3414809
4041,SANTA BARBARA,HEREDIA,SANTA BARBARA,obesidad,861.0,133.0,0.15,2.45,100.0,11.17,21.25,22.58,3.39,9.8331273
4041,SANTA BARBARA,HEREDIA,SANTA BARBARA,sobrepeso,861.0,195.00,0.23,2.45,100.0,11.17,21.25,22.58,3.39,9.8331273
4041,SANTA BARBARA,HEREDIA,SANTA BARBARA,combinada,861.0,328.00,0.38,2.45,100.0,11.17,21.25,22.58,3.39,9.8331273
4042,SAN PEDRO,HEREDIA,SANTA BARBARA,obesidad,527.0,59.0,0.11,4.46,100.0,22.63,25.22,21.13,3.48,8.6764846
4042,SAN PEDRO,HEREDIA,SANTA BARBARA,sobrepeso,527.0,125.00,0.24,4.46,100.0,22.63,25.22,21.13,3.48,8.6764846
4042,SAN PEDRO,HEREDIA,SANTA BARBARA,combinada,527.0,184.00,0.35,4.46,100.0,22.63,25.22,21.13,3.48,8.6764846
4043,SAN JUAN,HEREDIA,SANTA BARBARA,combinada,821.0,296.00,0.36,2.76,100.0,15.56,22.4,19.69,3.52,9.4940984
4043,SAN JUAN,HEREDIA,SANTA BARBARA,sobrepeso,821.0,153.00,0.19,2.76,100.0,15.56,22.4,19.69,3.52,9.4940984
4043,SAN JUAN,HEREDIA,SANTA BARBARA,obesidad,821.0,143.0,0.17,2.76,100.0,15.56,22.4,19.69,3.52,9.4940984
4044,JESUS,HEREDIA,SANTA BARBARA,combinada,654.0,236.00,0.36,2.35,79.09,18.72,24.93,18.91,3.62,8.6394113
4044,JESUS,HEREDIA,SANTA BARBARA,obesidad,654.0,101.0,0.15,2.35,79.09,18.72,24.93,18.91,3.62,8.6394113
4044,JESUS,HEREDIA,SANTA BARBARA,sobrepeso,654.0,135.00,0.21,2.35,79.09,18.72,24.93,18.91,3.62,8.6394113
4045,SANTO DOMINGO,HEREDIA,SANTA BARBARA,combinada,276.0,92.00,0.33,1.75,41.06,24.06,24.9,16.77,3.5,8.2974453
4045,SANTO DOMINGO,HEREDIA,SANTA BARBARA,obesidad,276.0,40.0,0.14,1.75,41.06,24.06,24.9,16.77,3.5,8.2974453
4045,SANTO DOMINGO,HEREDIA,SANTA BARBARA,sobrepeso,276.0,52.00,0.19,1.75,41.06,24.06,24.9,16.77,3.5,8.2974453
4046,PURABA,HEREDIA,SANTA BARBARA,obesidad,348.0,57.0,0.16,2.39,84.45,19.38,22.96,15.55,3.57,8.8899549
4046,PURABA,HEREDIA,SANTA BARBARA,sobrepeso,348.0,71.00,0.2,2.39,84.45,19.38,22.96,15.55,3.57,8.8899549
4046,PURABA,HEREDIA,SANTA BARBARA,combinada,348.0,128.00,0.37,2.39,84.45,19.38,22.96,15.55,3.57,8.8899549
4051,SAN RAFAEL,HEREDIA,SAN RAFAEL,sobrepeso,883.0,175.00,0.2,2.9,100.0,11.56,20.88,26.19,3.44,9.9777665
4051,SAN RAFAEL,HEREDIA,SAN RAFAEL,obesidad,883.0,151.0,0.17,2.9,100.0,11.56,20.88,26.19,3.44,9.9777665
4051,SAN RAFAEL,HEREDIA,SAN RAFAEL,combinada,883.0,326.00,0.37,2.9,100.0,11.56,20.88,26.19,3.44,9.9777665
4052,SAN JOSECITO,HEREDIA,SAN RAFAEL,combinada,563.0,188.00,0.33,3.61,100.0,14.32,22.31,25.91,3.46,9.4357387
4052,SAN JOSECITO,HEREDIA,SAN RAFAEL,sobrepeso,563.0,105.00,0.19,3.61,100.0,14.32,22.31,25.91,3.46,9.4357387
4052,SAN JOSECITO,HEREDIA,SAN RAFAEL,obesidad,563.0,83.0,0.15,3.61,100.0,14.32,22.31,25.91,3.46,9.4357387
4053,SANTIAGO,HEREDIA,SAN RAFAEL,sobrepeso,683.0,152.00,0.22,3.33,100.0,13.95,23.05,25.06,3.5,10.289953
4053,SANTIAGO,HEREDIA,SAN RAFAEL,combinada,683.0,269.00,0.39,3.33,100.0,13.95,23.05,25.06,3.5,10.289953
4053,SANTIAGO,HEREDIA,SAN RAFAEL,obesidad,683.0,117.0,0.17,3.33,100.0,13.95,23.05,25.06,3.5,10.289953
4054,ANGELES,HEREDIA,SAN RAFAEL,sobrepeso,906.0,190.00,0.21,2.47,70.61,14.47,23.2,18.22,3.45,9.7432806
4054,ANGELES,HEREDIA,SAN RAFAEL,combinada,906.0,322.00,0.36,2.47,70.61,14.47,23.2,18.22,3.45,9.7432806
4054,ANGELES,HEREDIA,SAN RAFAEL,obesidad,906.0,132.0,0.15,2.47,70.61,14.47,23.2,18.22,3.45,9.7432806
4055,CONCEPCION,HEREDIA,SAN RAFAEL,sobrepeso,392.0,81.00,0.21,2.82,76.49,17.81,25.05,16.6,3.5,9.7864203
4055,CONCEPCION,HEREDIA,SAN RAFAEL,obesidad,392.0,51.0,0.13,2.82,76.49,17.81,25.05,16.6,3.5,9.7864203
4055,CONCEPCION,HEREDIA,SAN RAFAEL,combinada,392.0,132.00,0.34,2.82,76.49,17.81,25.05,16.6,3.5,9.7864203
4061,SAN ISIDRO,HEREDIA,SAN ISIDRO,combinada,815.0,292.00,0.36,2.25,100.0,10.5,20.17,22.91,3.43,9.9122457
4061,SAN ISIDRO,HEREDIA,SAN ISIDRO,sobrepeso,815.0,169.00,0.21,2.25,100.0,10.5,20.17,22.91,3.43,9.9122457
4061,SAN ISIDRO,HEREDIA,SAN ISIDRO,obesidad,815.0,123.0,0.15,2.25,100.0,10.5,20.17,22.91,3.43,9.9122457
4062,SAN JOSE,HEREDIA,SAN ISIDRO,sobrepeso,379.0,84.00,0.22,2.13,88.98,17.46,22.79,18.49,3.45,10.0424671
4062,SAN JOSE,HEREDIA,SAN ISIDRO,obesidad,379.0,72.0,0.19,2.13,88.98,17.46,22.79,18.49,3.45,10.0424671
4062,SAN JOSE,HEREDIA,SAN ISIDRO,combinada,379.0,156.00,0.41,2.13,88.98,17.46,22.79,18.49,3.45,10.0424671
4063,CONCEPCION,HEREDIA,SAN ISIDRO,sobrepeso,217.0,48.00,0.22,1.88,89.18,17.97,21.29,22.28,3.33,9.4233983
4063,CONCEPCION,HEREDIA,SAN ISIDRO,combinada,217.0,91.00,0.42,1.88,89.18,17.97,21.29,22.28,3.33,9.4233983
4063,CONCEPCION,HEREDIA,SAN ISIDRO,obesidad,217.0,43.0,0.2,1.88,89.18,17.97,21.29,22.28,3.33,9.4233983
4064,SAN FRANCISCO,HEREDIA,SAN ISIDRO,obesidad,145.0,21.0,0.14,2.51,100.0,16.07,21.86,20.29,3.53,9.292
4064,SAN FRANCISCO,HEREDIA,SAN ISIDRO,combinada,145.0,57.00,0.39,2.51,100.0,16.07,21.86,20.29,3.53,9.292
4064,SAN FRANCISCO,HEREDIA,SAN ISIDRO,sobrepeso,145.0,36.00,0.25,2.51,100.0,16.07,21.86,20.29,3.53,9.292
4071,SAN ANTONIO,HEREDIA,BELEN,sobrepeso,703.0,164.00,0.23,2.08,100.0,13.09,19.51,21.82,3.5,9.9077301
4071,SAN ANTONIO,HEREDIA,BELEN,combinada,703.0,265.00,0.38,2.08,100.0,13.09,19.51,21.82,3.5,9.9077301
4071,SAN ANTONIO,HEREDIA,BELEN,obesidad,703.0,101.0,0.14,2.08,100.0,13.09,19.51,21.82,3.5,9.9077301
4072,LA RIBERA,HEREDIA,BELEN,obesidad,698.0,93.0,0.13,2.37,100.0,13.62,20.43,20.32,3.42,9.6717742
4072,LA RIBERA,HEREDIA,BELEN,combinada,698.0,232.00,0.33,2.37,100.0,13.62,20.43,20.32,3.42,9.6717742
4072,LA RIBERA,HEREDIA,BELEN,sobrepeso,698.0,139.00,0.2,2.37,100.0,13.62,20.43,20.32,3.42,9.6717742
4073,LA ASUNCION,HEREDIA,BELEN,obesidad,309.0,36.0,0.12,2.98,100.0,10.57,17.52,22.05,3.41,11.4107002
4073,LA ASUNCION,HEREDIA,BELEN,sobrepeso,309.0,58.00,0.19,2.98,100.0,10.57,17.52,22.05,3.41,11.4107002
4073,LA ASUNCION,HEREDIA,BELEN,combinada,309.0,94.00,0.3,2.98,100.0,10.57,17.52,22.05,3.41,11.4107002
4081,SAN JOAQUIN,HEREDIA,FLORES,sobrepeso,770.0,177.00,0.23,2.85,100.0,10.38,20.3,22.97,3.28,11.057047
4081,SAN JOAQUIN,HEREDIA,FLORES,combinada,770.0,308.00,0.4,2.85,100.0,10.38,20.3,22.97,3.28,11.057047
4081,SAN JOAQUIN,HEREDIA,FLORES,obesidad,770.0,131.0,0.17,2.85,100.0,10.38,20.3,22.97,3.28,11.057047
4082,BARRANTES,HEREDIA,FLORES,sobrepeso,433.0,91.00,0.21,1.54,100.0,11.51,21.0,19.35,3.34,11.4513595
4082,BARRANTES,HEREDIA,FLORES,obesidad,433.0,54.0,0.12,1.54,100.0,11.51,21.0,19.35,3.34,11.4513595
4082,BARRANTES,HEREDIA,FLORES,combinada,433.0,145.00,0.33,1.54,100.0,11.51,21.0,19.35,3.34,11.4513595
4083,LLORENTE,HEREDIA,FLORES,combinada,513.0,186.00,0.36,3.06,100.0,15.44,23.34,22.76,3.55,9.6479977
4083,LLORENTE,HEREDIA,FLORES,sobrepeso,513.0,105.00,0.2,3.06,100.0,15.44,23.34,22.76,3.55,9.6479977
4083,LLORENTE,HEREDIA,FLORES,obesidad,513.0,81.0,0.16,3.06,100.0,15.44,23.34,22.76,3.55,9.6479977
4091,SAN PABLO,HEREDIA,SAN PABLO,combinada,982.0,367.00,0.37,2.69,100.0,12.71,21.09,23.02,3.4,10.9947223
4091,SAN PABLO,HEREDIA,SAN PABLO,sobrepeso,982.0,210.00,0.21,2.69,100.0,12.71,21.09,23.02,3.4,10.9947223
4091,SAN PABLO,HEREDIA,SAN PABLO,obesidad,982.0,157.0,0.16,2.69,100.0,12.71,21.09,23.02,3.4,10.9947223
4092,RINCON DE SABANILLA,HEREDIA,SAN PABLO,obesidad,78.0,26.0,0.33,3.14,100.0,8.03,20.03,25.44,3.28,11.1088571
4092,RINCON DE SABANILLA,HEREDIA,SAN PABLO,sobrepeso,78.0,12.00,0.15,3.14,100.0,8.03,20.03,25.44,3.28,11.1088571
4092,RINCON DE SABANILLA,HEREDIA,SAN PABLO,combinada,78.0,38.00,0.49,3.14,100.0,8.03,20.03,25.44,3.28,11.1088571
4101,PUERTO VIEJO,HEREDIA,SARAPIQUI,obesidad,2420.0,300.0,0.12,3.82,35.22,51.4,33.51,17.93,3.69,6.3834244
4101,PUERTO VIEJO,HEREDIA,SARAPIQUI,sobrepeso,2420.0,459.00,0.19,3.82,35.22,51.4,33.51,17.93,3.69,6.3834244
4101,PUERTO VIEJO,HEREDIA,SARAPIQUI,combinada,2420.0,759.00,0.31,3.82,35.22,51.4,33.51,17.93,3.69,6.3834244
4102,LA VIRGEN,HEREDIA,SARAPIQUI,combinada,1075.0,321.00,0.3,4.06,21.33,39.61,29.7,18.62,3.37,6.3072762
4102,LA VIRGEN,HEREDIA,SARAPIQUI,obesidad,1075.0,133.0,0.12,4.06,21.33,39.61,29.7,18.62,3.37,6.3072762
4102,LA VIRGEN,HEREDIA,SARAPIQUI,sobrepeso,1075.0,188.00,0.17,4.06,21.33,39.61,29.7,18.62,3.37,6.3072762
4103,LAS HORQUETAS,HEREDIA,SARAPIQUI,combinada,2568.0,828.00,0.32,2.8,3.97,29.69,29.37,18.72,3.44,7.0708615
4103,LAS HORQUETAS,HEREDIA,SARAPIQUI,obesidad,2568.0,326.0,0.13,2.8,3.97,29.69,29.37,18.72,3.44,7.0708615
4103,LAS HORQUETAS,HEREDIA,SARAPIQUI,sobrepeso,2568.0,502.00,0.2,2.8,3.97,29.69,29.37,18.72,3.44,7.0708615
4104,LLANURAS DEL GASPAR,HEREDIA,SARAPIQUI,combinada,121.0,39.00,0.32,1.4,0.0,74.2,31.72,6.05,3.57,4.78125
4104,LLANURAS DEL GASPAR,HEREDIA,SARAPIQUI,sobrepeso,121.0,23.00,0.19,1.4,0.0,74.2,31.72,6.05,3.57,4.78125
4104,LLANURAS DEL GASPAR,HEREDIA,SARAPIQUI,obesidad,121.0,16.0,0.13,1.4,0.0,74.2,31.72,6.05,3.57,4.78125
4105,CUREÑA,HEREDIA,SARAPIQUI,combinada,98.0,29.00,0.3,3.42,0.0,73.95,31.23,7.28,3.64,4.6458333
4105,CUREÑA,HEREDIA,SARAPIQUI,obesidad,98.0,10.0,0.1,3.42,0.0,73.95,31.23,7.28,3.64,4.6458333
4105,CUREÑA,HEREDIA,SARAPIQUI,sobrepeso,98.0,19.00,0.19,3.42,0.0,73.95,31.23,7.28,3.64,4.6458333
5011,LIBERIA,GUANACASTE,LIBERIA,combinada,4983.0,"1,714.00",0.34,5.07,91.04,25.3,27.55,26.34,3.64,9.2918703
5011,LIBERIA,GUANACASTE,LIBERIA,sobrepeso,4983.0,967.00,0.19,5.07,91.04,25.3,27.55,26.34,3.64,9.2918703
5011,LIBERIA,GUANACASTE,LIBERIA,obesidad,4983.0,747.0,0.15,5.07,91.04,25.3,27.55,26.34,3.64,9.2918703
5012,CAÑAS DULCES,GUANACASTE,LIBERIA,combinada,274.0,87.00,0.32,3.61,11.52,31.49,25.94,17.45,3.81,7.9210308
5012,CAÑAS DULCES,GUANACASTE,LIBERIA,sobrepeso,274.0,51.00,0.19,3.61,11.52,31.49,25.94,17.45,3.81,7.9210308
5012,CAÑAS DULCES,GUANACASTE,LIBERIA,obesidad,274.0,36.0,0.13,3.61,11.52,31.49,25.94,17.45,3.81,7.9210308
5013,MAYORGA,GUANACASTE,LIBERIA,combinada,148.0,42.00,0.28,5.1,30.08,38.66,29.77,16.95,3.79,7.4727891
5013,MAYORGA,GUANACASTE,LIBERIA,obesidad,148.0,12.0,0.08,5.1,30.08,38.66,29.77,16.95,3.79,7.4727891
5013,MAYORGA,GUANACASTE,LIBERIA,sobrepeso,148.0,30.00,0.2,5.1,30.08,38.66,29.77,16.95,3.79,7.4727891
5014,NACASCOLO,GUANACASTE,LIBERIA,sobrepeso,223.0,43.00,0.19,3.94,68.34,34.45,30.15,22.67,3.94,8.2961165
5014,NACASCOLO,GUANACASTE,LIBERIA,combinada,223.0,73.00,0.33,3.94,68.34,34.45,30.15,22.67,3.94,8.2961165
5014,NACASCOLO,GUANACASTE,LIBERIA,obesidad,223.0,30.0,0.13,3.94,68.34,34.45,30.15,22.67,3.94,8.2961165
5015,CURUBANDE,GUANACASTE,LIBERIA,sobrepeso,177.0,26.00,0.15,2.13,25.68,32.51,27.98,19.22,3.64,7.7860963
5015,CURUBANDE,GUANACASTE,LIBERIA,combinada,177.0,45.00,0.25,2.13,25.68,32.51,27.98,19.22,3.64,7.7860963
5015,CURUBANDE,GUANACASTE,LIBERIA,obesidad,177.0,19.0,0.11,2.13,25.68,32.51,27.98,19.22,3.64,7.7860963
5021,NICOYA,GUANACASTE,NICOYA,combinada,2215.0,650.00,0.29,4.04,64.92,26.5,23.83,26.34,3.38,9.3151834
5021,NICOYA,GUANACASTE,NICOYA,sobrepeso,2215.0,370.00,0.17,4.04,64.92,26.5,23.83,26.34,3.38,9.3151834
5021,NICOYA,GUANACASTE,NICOYA,obesidad,2215.0,280.0,0.13,4.04,64.92,26.5,23.83,26.34,3.38,9.3151834
5022,MANSION,GUANACASTE,NICOYA,obesidad,365.0,57.0,0.16,2.66,18.38,28.4,23.98,23.3,3.36,8.4294013
5022,MANSION,GUANACASTE,NICOYA,combinada,365.0,110.00,0.3,2.66,18.38,28.4,23.98,23.3,3.36,8.4294013
5022,MANSION,GUANACASTE,NICOYA,sobrepeso,365.0,53.00,0.15,2.66,18.38,28.4,23.98,23.3,3.36,8.4294013
5023,SAN ANTONIO,GUANACASTE,NICOYA,sobrepeso,542.0,92.00,0.17,3.84,35.31,33.38,20.42,24.0,3.23,7.7827884
5023,SAN ANTONIO,GUANACASTE,NICOYA,obesidad,542.0,59.0,0.11,3.84,35.31,33.38,20.42,24.0,3.23,7.7827884
5023,SAN ANTONIO,GUANACASTE,NICOYA,combinada,542.0,151.00,0.28,3.84,35.31,33.38,20.42,24.0,3.23,7.7827884
5024,QUEBRADA HONDA,GUANACASTE,NICOYA,combinada,176.0,54.00,0.31,4.31,0.0,29.22,21.6,23.38,3.28,8.2634672
5024,QUEBRADA HONDA,GUANACASTE,NICOYA,sobrepeso,176.0,26.00,0.15,4.31,0.0,29.22,21.6,23.38,3.28,8.2634672
5024,QUEBRADA HONDA,GUANACASTE,NICOYA,obesidad,176.0,28.0,0.16,4.31,0.0,29.22,21.6,23.38,3.28,8.2634672
5025,SAMARA,GUANACASTE,NICOYA,sobrepeso,323.0,68.00,0.21,2.62,31.69,33.27,25.63,16.26,3.28,7.9444885
5025,SAMARA,GUANACASTE,NICOYA,combinada,323.0,108.00,0.33,2.62,31.69,33.27,25.63,16.26,3.28,7.9444885
5025,SAMARA,GUANACASTE,NICOYA,obesidad,323.0,40.0,0.12,2.62,31.69,33.27,25.63,16.26,3.28,7.9444885
5026,NOSARA,GUANACASTE,NICOYA,obesidad,616.0,90.0,0.15,2.98,35.99,37.99,28.42,16.37,3.35,7.4717416
5026,NOSARA,GUANACASTE,NICOYA,sobrepeso,616.0,124.00,0.2,2.98,35.99,37.99,28.42,16.37,3.35,7.4717416
5026,NOSARA,GUANACASTE,NICOYA,combinada,616.0,214.00,0.35,2.98,35.99,37.99,28.42,16.37,3.35,7.4717416
5027,BELEN DE NOSARITA,GUANACASTE,NICOYA,obesidad,184.0,22.0,0.12,3.09,0.0,48.92,26.62,17.75,3.64,7.2634731
5027,BELEN DE NOSARITA,GUANACASTE,NICOYA,combinada,184.0,49.00,0.27,3.09,0.0,48.92,26.62,17.75,3.64,7.2634731
5027,BELEN DE NOSARITA,GUANACASTE,NICOYA,sobrepeso,184.0,27.00,0.15,3.09,0.0,48.92,26.62,17.75,3.64,7.2634731
5031,SANTA CRUZ,GUANACASTE,SANTA CRUZ,obesidad,1321.0,190.0,0.14,3.74,60.83,24.52,24.4,27.09,3.41,9.8509859
5031,SANTA CRUZ,GUANACASTE,SANTA CRUZ,combinada,1321.0,435.00,0.33,3.74,60.83,24.52,24.4,27.09,3.41,9.8509859
5031,SANTA CRUZ,GUANACASTE,SANTA CRUZ,sobrepeso,1321.0,245.00,0.19,3.74,60.83,24.52,24.4,27.09,3.41,9.8509859
5032,BOLSON,GUANACASTE,SANTA CRUZ,obesidad,128.0,11.0,0.09,3.72,43.21,38.24,22.31,19.96,3.42,7.5690516
5032,BOLSON,GUANACASTE,SANTA CRUZ,sobrepeso,128.0,18.00,0.14,3.72,43.21,38.24,22.31,19.96,3.42,7.5690516
5032,BOLSON,GUANACASTE,SANTA CRUZ,combinada,128.0,29.00,0.23,3.72,43.21,38.24,22.31,19.96,3.42,7.5690516
5033,VEINTISIETE DE ABRIL,GUANACASTE,SANTA CRUZ,obesidad,487.0,58.0,0.12,5.96,8.75,36.48,24.84,19.95,3.23,7.8442933
5033,VEINTISIETE DE ABRIL,GUANACASTE,SANTA CRUZ,sobrepeso,487.0,73.00,0.15,5.96,8.75,36.48,24.84,19.95,3.23,7.8442933
5033,VEINTISIETE DE ABRIL,GUANACASTE,SANTA CRUZ,combinada,487.0,131.00,0.27,5.96,8.75,36.48,24.84,19.95,3.23,7.8442933
5034,TEMPATE,GUANACASTE,SANTA CRUZ,obesidad,413.0,56.0,0.14,4.46,51.33,29.85,25.28,17.86,3.11,8.6000956
5034,TEMPATE,GUANACASTE,SANTA CRUZ,combinada,413.0,125.00,0.3,4.46,51.33,29.85,25.28,17.86,3.11,8.6000956
5034,TEMPATE,GUANACASTE,SANTA CRUZ,sobrepeso,413.0,69.00,0.17,4.46,51.33,29.85,25.28,17.86,3.11,8.6000956
5035,CARTAGENA,GUANACASTE,SANTA CRUZ,obesidad,370.0,69.0,0.19,4.06,69.53,23.56,23.12,24.46,3.44,9.2286105
5035,CARTAGENA,GUANACASTE,SANTA CRUZ,combinada,370.0,124.00,0.34,4.06,69.53,23.56,23.12,24.46,3.44,9.2286105
5035,CARTAGENA,GUANACASTE,SANTA CRUZ,sobrepeso,370.0,55.00,0.15,4.06,69.53,23.56,23.12,24.46,3.44,9.2286105
5036,CUAJINIQUIL,GUANACASTE,SANTA CRUZ,sobrepeso,130.0,21.00,0.16,2.15,0.0,41.4,26.94,13.51,3.14,6.9705401
5036,CUAJINIQUIL,GUANACASTE,SANTA CRUZ,combinada,130.0,33.00,0.25,2.15,0.0,41.4,26.94,13.51,3.14,6.9705401
5036,CUAJINIQUIL,GUANACASTE,SANTA CRUZ,obesidad,130.0,12.0,0.09,2.15,0.0,41.4,26.94,13.51,3.14,6.9705401
5037,DIRIA,GUANACASTE,SANTA CRUZ,obesidad,264.0,36.0,0.14,5.68,55.39,29.39,22.56,30.94,3.19,9.3952618
5037,DIRIA,GUANACASTE,SANTA CRUZ,sobrepeso,264.0,52.00,0.2,5.68,55.39,29.39,22.56,30.94,3.19,9.3952618
5037,DIRIA,GUANACASTE,SANTA CRUZ,combinada,264.0,88.00,0.33,5.68,55.39,29.39,22.56,30.94,3.19,9.3952618
5038,CABO VELAS,GUANACASTE,SANTA CRUZ,sobrepeso,216.0,40.00,0.19,5.84,35.93,26.03,23.56,16.51,2.94,8.8066512
5038,CABO VELAS,GUANACASTE,SANTA CRUZ,obesidad,216.0,34.0,0.16,5.84,35.93,26.03,23.56,16.51,2.94,8.8066512
5038,CABO VELAS,GUANACASTE,SANTA CRUZ,combinada,216.0,74.00,0.34,5.84,35.93,26.03,23.56,16.51,2.94,8.8066512
5039,TAMARINDO,GUANACASTE,SANTA CRUZ,sobrepeso,582.0,103.00,0.18,4.69,49.22,22.17,25.27,18.66,3.02,9.1104553
5039,TAMARINDO,GUANACASTE,SANTA CRUZ,combinada,582.0,184.00,0.32,4.69,49.22,22.17,25.27,18.66,3.02,9.1104553
5039,TAMARINDO,GUANACASTE,SANTA CRUZ,obesidad,582.0,81.0,0.14,4.69,49.22,22.17,25.27,18.66,3.02,9.1104553
5041,BAGACES,GUANACASTE,BAGACES,combinada,1021.0,274.00,0.27,4.54,50.74,35.21,29.09,22.36,3.47,7.614425
5041,BAGACES,GUANACASTE,BAGACES,obesidad,1021.0,119.0,0.12,4.54,50.74,35.21,29.09,22.36,3.47,7.614425
5041,BAGACES,GUANACASTE,BAGACES,sobrepeso,1021.0,155.00,0.15,4.54,50.74,35.21,29.09,22.36,3.47,7.614425
5042,LA FORTUNA,GUANACASTE,BAGACES,sobrepeso,243.0,50.00,0.21,1.95,46.77,30.71,25.25,21.97,3.43,7.9990467
5042,LA FORTUNA,GUANACASTE,BAGACES,obesidad,243.0,37.0,0.15,1.95,46.77,30.71,25.25,21.97,3.43,7.9990467
5042,LA FORTUNA,GUANACASTE,BAGACES,combinada,243.0,87.00,0.36,1.95,46.77,30.71,25.25,21.97,3.43,7.9990467
5043,MOGOTE,GUANACASTE,BAGACES,sobrepeso,363.0,68.00,0.19,2.73,45.79,31.94,28.58,15.0,3.47,7.9098498
5043,MOGOTE,GUANACASTE,BAGACES,combinada,363.0,104.00,0.29,2.73,45.79,31.94,28.58,15.0,3.47,7.9098498
5043,MOGOTE,GUANACASTE,BAGACES,obesidad,363.0,36.0,0.1,2.73,45.79,31.94,28.58,15.0,3.47,7.9098498
5044,RIO NARANJO,GUANACASTE,BAGACES,sobrepeso,74.0,15.00,0.2,4.11,0.0,33.23,23.05,21.04,3.09,6.8271605
5044,RIO NARANJO,GUANACASTE,BAGACES,obesidad,74.0,9.0,0.12,4.11,0.0,33.23,23.05,21.04,3.09,6.8271605
5044,RIO NARANJO,GUANACASTE,BAGACES,combinada,74.0,24.00,0.32,4.11,0.0,33.23,23.05,21.04,3.09,6.8271605
5051,FILADELFIA,GUANACASTE,CARRILLO,combinada,209.0,71.00,0.34,7.57,63.61,31.63,25.02,23.71,3.73,8.6651038
5051,FILADELFIA,GUANACASTE,CARRILLO,obesidad,209.0,31.0,0.15,7.57,63.61,31.63,25.02,23.71,3.73,8.6651038
5051,FILADELFIA,GUANACASTE,CARRILLO,sobrepeso,209.0,40.00,0.19,7.57,63.61,31.63,25.02,23.71,3.73,8.6651038
5052,PALMIRA,GUANACASTE,CARRILLO,sobrepeso,403.0,71.00,0.18,5.51,83.27,26.35,27.79,20.18,3.84,8.3316953
5052,PALMIRA,GUANACASTE,CARRILLO,obesidad,403.0,56.0,0.14,5.51,83.27,26.35,27.79,20.18,3.84,8.3316953
5052,PALMIRA,GUANACASTE,CARRILLO,combinada,403.0,127.00,0.32,5.51,83.27,26.35,27.79,20.18,3.84,8.3316953
5053,SARDINAL,GUANACASTE,CARRILLO,combinada,1523.0,447.00,0.29,4.87,58.22,29.98,26.78,18.99,3.37,8.8152878
5053,SARDINAL,GUANACASTE,CARRILLO,sobrepeso,1523.0,247.00,0.16,4.87,58.22,29.98,26.78,18.99,3.37,8.8152878
5053,SARDINAL,GUANACASTE,CARRILLO,obesidad,1523.0,200.0,0.13,4.87,58.22,29.98,26.78,18.99,3.37,8.8152878
5054,BELEN,GUANACASTE,CARRILLO,sobrepeso,764.0,137.00,0.18,5.54,55.29,32.9,27.54,22.52,3.71,8.325046
5054,BELEN,GUANACASTE,CARRILLO,combinada,764.0,232.00,0.3,5.54,55.29,32.9,27.54,22.52,3.71,8.325046
5054,BELEN,GUANACASTE,CARRILLO,obesidad,764.0,95.0,0.12,5.54,55.29,32.9,27.54,22.52,3.71,8.325046
5061,CAÑAS,GUANACASTE,CAÑAS,sobrepeso,1998.0,357.00,0.18,3.13,87.28,25.44,27.72,24.94,3.58,8.3256852
5061,CAÑAS,GUANACASTE,CAÑAS,combinada,1998.0,625.00,0.31,3.13,87.28,25.44,27.72,24.94,3.58,8.3256852
5061,CAÑAS,GUANACASTE,CAÑAS,obesidad,1998.0,268.0,0.13,3.13,87.28,25.44,27.72,24.94,3.58,8.3256852
5062,PALMIRA,GUANACASTE,CAÑAS,sobrepeso,4.0,1.00,0.25,2.27,37.45,44.0,28.04,12.67,3.29,5.9166667
5062,PALMIRA,GUANACASTE,CAÑAS,obesidad,4.0,0.0,0.0,2.27,37.45,44.0,28.04,12.67,3.29,5.9166667
5062,PALMIRA,GUANACASTE,CAÑAS,combinada,4.0,1.00,0.25,2.27,37.45,44.0,28.04,12.67,3.29,5.9166667
5063,SAN MIGUEL,GUANACASTE,CAÑAS,combinada,127.0,36.00,0.28,3.83,27.13,32.24,23.84,15.71,3.36,7.0556465
5063,SAN MIGUEL,GUANACASTE,CAÑAS,obesidad,127.0,23.0,0.18,3.83,27.13,32.24,23.84,15.71,3.36,7.0556465
5063,SAN MIGUEL,GUANACASTE,CAÑAS,sobrepeso,127.0,13.00,0.1,3.83,27.13,32.24,23.84,15.71,3.36,7.0556465
5064,BEBEDERO,GUANACASTE,CAÑAS,obesidad,257.0,38.0,0.15,4.21,94.24,41.22,26.78,17.91,3.51,6.7004161
5064,BEBEDERO,GUANACASTE,CAÑAS,combinada,257.0,81.00,0.32,4.21,94.24,41.22,26.78,17.91,3.51,6.7004161
5064,BEBEDERO,GUANACASTE,CAÑAS,sobrepeso,257.0,43.00,0.17,4.21,94.24,41.22,26.78,17.91,3.51,6.7004161
5065,POROZAL,GUANACASTE,CAÑAS,combinada,103.0,39.00,0.38,2.62,0.0,35.08,26.61,13.61,3.5,6.6637555
5065,POROZAL,GUANACASTE,CAÑAS,obesidad,103.0,19.0,0.18,2.62,0.0,35.08,26.61,13.61,3.5,6.6637555
5065,POROZAL,GUANACASTE,CAÑAS,sobrepeso,103.0,20.00,0.19,2.62,0.0,35.08,26.61,13.61,3.5,6.6637555
5071,LAS JUNTAS,GUANACASTE,ABANGARES,sobrepeso,793.0,131.00,0.17,4.47,41.42,29.89,25.69,22.88,3.32,7.8798774
5071,LAS JUNTAS,GUANACASTE,ABANGARES,combinada,793.0,239.00,0.3,4.47,41.42,29.89,25.69,22.88,3.32,7.8798774
5071,LAS JUNTAS,GUANACASTE,ABANGARES,obesidad,793.0,108.0,0.14,4.47,41.42,29.89,25.69,22.88,3.32,7.8798774
5072,SIERRA,GUANACASTE,ABANGARES,combinada,160.0,28.00,0.17,3.2,0.0,41.22,25.9,17.7,3.25,6.8520231
5072,SIERRA,GUANACASTE,ABANGARES,sobrepeso,160.0,18.00,0.11,3.2,0.0,41.22,25.9,17.7,3.25,6.8520231
5072,SIERRA,GUANACASTE,ABANGARES,obesidad,160.0,10.0,0.06,3.2,0.0,41.22,25.9,17.7,3.25,6.8520231
5073,SAN JUAN,GUANACASTE,ABANGARES,combinada,111.0,38.00,0.34,4.87,16.59,50.59,24.79,17.72,3.12,6.3962264
5073,SAN JUAN,GUANACASTE,ABANGARES,obesidad,111.0,16.0,0.14,4.87,16.59,50.59,24.79,17.72,3.12,6.3962264
5073,SAN JUAN,GUANACASTE,ABANGARES,sobrepeso,111.0,22.00,0.2,4.87,16.59,50.59,24.79,17.72,3.12,6.3962264
5074,COLORADO,GUANACASTE,ABANGARES,combinada,454.0,152.00,0.33,6.56,27.83,30.58,27.66,19.27,3.53,7.2425684
5074,COLORADO,GUANACASTE,ABANGARES,obesidad,454.0,67.0,0.15,6.56,27.83,30.58,27.66,19.27,3.53,7.2425684
5074,COLORADO,GUANACASTE,ABANGARES,sobrepeso,454.0,85.00,0.19,6.56,27.83,30.58,27.66,19.27,3.53,7.2425684
5081,TILARAN,GUANACASTE,TILARAN,combinada,722.0,215.00,0.3,2.94,80.92,19.39,25.62,23.37,3.26,8.8216169
5081,TILARAN,GUANACASTE,TILARAN,obesidad,722.0,94.0,0.13,2.94,80.92,19.39,25.62,23.37,3.26,8.8216169
5081,TILARAN,GUANACASTE,TILARAN,sobrepeso,722.0,121.00,0.17,2.94,80.92,19.39,25.62,23.37,3.26,8.8216169
5082,QUEBRADA GRANDE,GUANACASTE,TILARAN,obesidad,204.0,19.0,0.09,2.25,12.33,35.52,24.93,15.45,3.28,6.6351889
5082,QUEBRADA GRANDE,GUANACASTE,TILARAN,combinada,204.0,54.00,0.26,2.25,12.33,35.52,24.93,15.45,3.28,6.6351889
5082,QUEBRADA GRANDE,GUANACASTE,TILARAN,sobrepeso,204.0,35.00,0.17,2.25,12.33,35.52,24.93,15.45,3.28,6.6351889
5083,TRONADORA,GUANACASTE,TILARAN,obesidad,180.0,22.0,0.12,1.79,16.49,27.53,24.29,17.41,3.19,7.4009009
5083,TRONADORA,GUANACASTE,TILARAN,combinada,180.0,59.00,0.33,1.79,16.49,27.53,24.29,17.41,3.19,7.4009009
5083,TRONADORA,GUANACASTE,TILARAN,sobrepeso,180.0,37.00,0.21,1.79,16.49,27.53,24.29,17.41,3.19,7.4009009
5084,SANTA ROSA,GUANACASTE,TILARAN,sobrepeso,138.0,22.00,0.16,4.01,48.84,31.85,24.47,13.18,3.27,7.5843794
5084,SANTA ROSA,GUANACASTE,TILARAN,combinada,138.0,49.00,0.36,4.01,48.84,31.85,24.47,13.18,3.27,7.5843794
5084,SANTA ROSA,GUANACASTE,TILARAN,obesidad,138.0,27.0,0.2,4.01,48.84,31.85,24.47,13.18,3.27,7.5843794
5085,LIBANO,GUANACASTE,TILARAN,obesidad,53.0,4.0,0.08,2.36,0.0,49.62,22.2,11.07,3.3,5.7365079
5085,LIBANO,GUANACASTE,TILARAN,combinada,53.0,8.00,0.15,2.36,0.0,49.62,22.2,11.07,3.3,5.7365079
5085,LIBANO,GUANACASTE,TILARAN,sobrepeso,53.0,4.00,0.08,2.36,0.0,49.62,22.2,11.07,3.3,5.7365079
5086,TIERRAS MORENAS,GUANACASTE,TILARAN,combinada,114.0,36.00,0.32,3.64,31.15,33.63,24.82,15.12,3.06,6.4495049
5086,TIERRAS MORENAS,GUANACASTE,TILARAN,obesidad,114.0,14.0,0.12,3.64,31.15,33.63,24.82,15.12,3.06,6.4495049
5086,TIERRAS MORENAS,GUANACASTE,TILARAN,sobrepeso,114.0,22.00,0.19,3.64,31.15,33.63,24.82,15.12,3.06,6.4495049
5087,ARENAL,GUANACASTE,TILARAN,obesidad,231.0,32.0,0.14,2.86,40.52,24.01,26.0,20.58,3.03,7.7682353
5087,ARENAL,GUANACASTE,TILARAN,combinada,231.0,62.00,0.27,2.86,40.52,24.01,26.0,20.58,3.03,7.7682353
5087,ARENAL,GUANACASTE,TILARAN,sobrepeso,231.0,30.00,0.13,2.86,40.52,24.01,26.0,20.58,3.03,7.7682353
5091,CARMONA,GUANACASTE,NANDAYURE,combinada,199.0,78.00,0.39,2.45,53.22,19.97,23.21,23.54,3.25,8.681407
5091,CARMONA,GUANACASTE,NANDAYURE,sobrepeso,199.0,43.00,0.22,2.45,53.22,19.97,23.21,23.54,3.25,8.681407
5091,CARMONA,GUANACASTE,NANDAYURE,obesidad,199.0,35.0,0.18,2.45,53.22,19.97,23.21,23.54,3.25,8.681407
5092,SANTA RITA,GUANACASTE,NANDAYURE,combinada,157.0,51.00,0.32,8.51,9.27,32.43,25.1,25.85,3.28,7.2401434
5092,SANTA RITA,GUANACASTE,NANDAYURE,sobrepeso,157.0,29.00,0.18,8.51,9.27,32.43,25.1,25.85,3.28,7.2401434
5092,SANTA RITA,GUANACASTE,NANDAYURE,obesidad,157.0,22.0,0.14,8.51,9.27,32.43,25.1,25.85,3.28,7.2401434
5093,ZAPOTAL,GUANACASTE,NANDAYURE,obesidad,87.0,8.0,0.09,4.11,0.0,53.99,23.79,17.36,3.35,6.9290618
5093,ZAPOTAL,GUANACASTE,NANDAYURE,sobrepeso,87.0,12.00,0.14,4.11,0.0,53.99,23.79,17.36,3.35,6.9290618
5093,ZAPOTAL,GUANACASTE,NANDAYURE,combinada,87.0,20.00,0.23,4.11,0.0,53.99,23.79,17.36,3.35,6.9290618
5094,SAN PABLO,GUANACASTE,NANDAYURE,combinada,187.0,64.00,0.34,6.89,33.98,32.2,26.69,21.57,3.26,7.369863
5094,SAN PABLO,GUANACASTE,NANDAYURE,obesidad,187.0,24.0,0.13,6.89,33.98,32.2,26.69,21.57,3.26,7.369863
5094,SAN PABLO,GUANACASTE,NANDAYURE,sobrepeso,187.0,40.00,0.21,6.89,33.98,32.2,26.69,21.57,3.26,7.369863
5095,PORVENIR,GUANACASTE,NANDAYURE,sobrepeso,66.0,11.00,0.17,2.75,0.0,46.36,20.11,11.82,3.37,6.6776557
5095,PORVENIR,GUANACASTE,NANDAYURE,obesidad,66.0,17.0,0.26,2.75,0.0,46.36,20.11,11.82,3.37,6.6776557
5095,PORVENIR,GUANACASTE,NANDAYURE,combinada,66.0,28.00,0.42,2.75,0.0,46.36,20.11,11.82,3.37,6.6776557
5096,BEJUCO,GUANACASTE,NANDAYURE,obesidad,214.0,33.0,0.15,3.77,3.21,41.34,25.45,12.41,3.44,6.8307123
5096,BEJUCO,GUANACASTE,NANDAYURE,combinada,214.0,83.00,0.39,3.77,3.21,41.34,25.45,12.41,3.44,6.8307123
5096,BEJUCO,GUANACASTE,NANDAYURE,sobrepeso,214.0,50.00,0.23,3.77,3.21,41.34,25.45,12.41,3.44,6.8307123
5101,LA CRUZ,GUANACASTE,LA CRUZ,combinada,967.0,261.00,0.27,4.13,52.43,36.72,30.06,23.59,3.83,7.8634246
5101,LA CRUZ,GUANACASTE,LA CRUZ,obesidad,967.0,119.0,0.12,4.13,52.43,36.72,30.06,23.59,3.83,7.8634246
5101,LA CRUZ,GUANACASTE,LA CRUZ,sobrepeso,967.0,142.00,0.15,4.13,52.43,36.72,30.06,23.59,3.83,7.8634246
5102,SANTA CECILIA,GUANACASTE,LA CRUZ,sobrepeso,687.0,119.00,0.17,3.17,11.81,54.88,33.94,15.23,4.07,5.8391434
5102,SANTA CECILIA,GUANACASTE,LA CRUZ,combinada,687.0,180.00,0.26,3.17,11.81,54.88,33.94,15.23,4.07,5.8391434
5102,SANTA CECILIA,GUANACASTE,LA CRUZ,obesidad,687.0,61.0,0.09,3.17,11.81,54.88,33.94,15.23,4.07,5.8391434
5103,LA GARITA,GUANACASTE,LA CRUZ,obesidad,200.0,18.0,0.09,3.34,33.23,47.74,33.89,16.63,4.01,5.5815217
5103,LA GARITA,GUANACASTE,LA CRUZ,combinada,200.0,56.00,0.28,3.34,33.23,47.74,33.89,16.63,4.01,5.5815217
5103,LA GARITA,GUANACASTE,LA CRUZ,sobrepeso,200.0,38.00,0.19,3.34,33.23,47.74,33.89,16.63,4.01,5.5815217
5104,SANTA ELENA,GUANACASTE,LA CRUZ,sobrepeso,187.0,38.00,0.2,2.76,49.22,47.02,30.15,17.85,3.92,6.3224432
5104,SANTA ELENA,GUANACASTE,LA CRUZ,obesidad,187.0,23.0,0.12,2.76,49.22,47.02,30.15,17.85,3.92,6.3224432
5104,SANTA ELENA,GUANACASTE,LA CRUZ,combinada,187.0,61.00,0.33,2.76,49.22,47.02,30.15,17.85,3.92,6.3224432
5111,HOJANCHA,GUANACASTE,HOJANCHA,sobrepeso,259.0,54.00,0.21,1.7,32.91,24.5,23.23,21.69,3.51,8.3544073
5111,HOJANCHA,GUANACASTE,HOJANCHA,obesidad,259.0,56.0,0.22,1.7,32.91,24.5,23.23,21.69,3.51,8.3544073
5111,HOJANCHA,GUANACASTE,HOJANCHA,combinada,259.0,110.00,0.42,1.7,32.91,24.5,23.23,21.69,3.51,8.3544073
5112,MONTE ROMO,GUANACASTE,HOJANCHA,sobrepeso,48.0,11.00,0.23,5.43,52.01,47.34,23.55,13.3,3.57,7.0950413
5112,MONTE ROMO,GUANACASTE,HOJANCHA,obesidad,48.0,7.0,0.15,5.43,52.01,47.34,23.55,13.3,3.57,7.0950413
5112,MONTE ROMO,GUANACASTE,HOJANCHA,combinada,48.0,18.00,0.38,5.43,52.01,47.34,23.55,13.3,3.57,7.0950413
5113,PUERTO CARRILLO,GUANACASTE,HOJANCHA,combinada,115.0,42.00,0.37,2.97,0.0,35.49,23.7,16.52,3.51,7.425829
5113,PUERTO CARRILLO,GUANACASTE,HOJANCHA,obesidad,115.0,13.0,0.11,2.97,0.0,35.49,23.7,16.52,3.51,7.425829
5113,PUERTO CARRILLO,GUANACASTE,HOJANCHA,sobrepeso,115.0,29.00,0.25,2.97,0.0,35.49,23.7,16.52,3.51,7.425829
5114,HUACAS,GUANACASTE,HOJANCHA,obesidad,58.0,10.0,0.17,0.45,0.0,31.98,22.49,17.26,3.59,6.8230769
5114,HUACAS,GUANACASTE,HOJANCHA,sobrepeso,58.0,13.00,0.22,0.45,0.0,31.98,22.49,17.26,3.59,6.8230769
5114,HUACAS,GUANACASTE,HOJANCHA,combinada,58.0,23.00,0.4,0.45,0.0,31.98,22.49,17.26,3.59,6.8230769
6011,PUNTARENAS,PUNTARENAS,PUNTARENAS,combinada,749.0,290.00,0.39,3.4,96.74,17.7,18.4,28.1,3.01,10.1874825
6011,PUNTARENAS,PUNTARENAS,PUNTARENAS,sobrepeso,749.0,142.00,0.19,3.4,96.74,17.7,18.4,28.1,3.01,10.1874825
6011,PUNTARENAS,PUNTARENAS,PUNTARENAS,obesidad,749.0,148.0,0.2,3.4,96.74,17.7,18.4,28.1,3.01,10.1874825
6012,PITAHAYA,PUNTARENAS,PUNTARENAS,sobrepeso,322.0,31.00,0.1,2.81,29.58,52.5,31.48,16.91,3.54,6.0286104
6012,PITAHAYA,PUNTARENAS,PUNTARENAS,combinada,322.0,85.00,0.26,2.81,29.58,52.5,31.48,16.91,3.54,6.0286104
6012,PITAHAYA,PUNTARENAS,PUNTARENAS,obesidad,322.0,54.0,0.17,2.81,29.58,52.5,31.48,16.91,3.54,6.0286104
6013,CHOMES,PUNTARENAS,PUNTARENAS,sobrepeso,349.0,46.00,0.13,4.33,22.94,38.88,28.65,17.85,3.36,6.9812987
6013,CHOMES,PUNTARENAS,PUNTARENAS,combinada,349.0,88.00,0.25,4.33,22.94,38.88,28.65,17.85,3.36,6.9812987
6013,CHOMES,PUNTARENAS,PUNTARENAS,obesidad,349.0,42.0,0.12,4.33,22.94,38.88,28.65,17.85,3.36,6.9812987
6014,LEPANTO,PUNTARENAS,PUNTARENAS,sobrepeso,771.0,165.00,0.21,3.77,27.53,33.81,24.54,19.57,3.31,7.3223906
6014,LEPANTO,PUNTARENAS,PUNTARENAS,obesidad,771.0,98.0,0.13,3.77,27.53,33.81,24.54,19.57,3.31,7.3223906
6014,LEPANTO,PUNTARENAS,PUNTARENAS,combinada,771.0,263.00,0.34,3.77,27.53,33.81,24.54,19.57,3.31,7.3223906
6015,PAQUERA,PUNTARENAS,PUNTARENAS,obesidad,655.0,93.0,0.14,2.75,30.17,31.57,27.09,18.75,3.3,7.4094127
6015,PAQUERA,PUNTARENAS,PUNTARENAS,combinada,655.0,218.00,0.33,2.75,30.17,31.57,27.09,18.75,3.3,7.4094127
6015,PAQUERA,PUNTARENAS,PUNTARENAS,sobrepeso,655.0,125.00,0.19,2.75,30.17,31.57,27.09,18.75,3.3,7.4094127
6016,MANZANILLO,PUNTARENAS,PUNTARENAS,sobrepeso,477.0,100.00,0.21,2.43,23.8,45.38,30.1,14.38,3.51,6.6136114
6016,MANZANILLO,PUNTARENAS,PUNTARENAS,combinada,477.0,171.00,0.36,2.43,23.8,45.38,30.1,14.38,3.51,6.6136114
6016,MANZANILLO,PUNTARENAS,PUNTARENAS,obesidad,477.0,71.0,0.15,2.43,23.8,45.38,30.1,14.38,3.51,6.6136114
6017,GUACIMAL,PUNTARENAS,PUNTARENAS,combinada,80.0,24.00,0.3,1.19,0.0,49.51,24.38,14.43,3.03,6.6030303
6017,GUACIMAL,PUNTARENAS,PUNTARENAS,obesidad,80.0,12.0,0.15,1.19,0.0,49.51,24.38,14.43,3.03,6.6030303
6017,GUACIMAL,PUNTARENAS,PUNTARENAS,sobrepeso,80.0,12.00,0.15,1.19,0.0,49.51,24.38,14.43,3.03,6.6030303
6018,BARRANCA,PUNTARENAS,PUNTARENAS,sobrepeso,2435.0,451.00,0.19,4.56,95.75,27.96,28.66,26.36,3.57,8.1396249
6018,BARRANCA,PUNTARENAS,PUNTARENAS,obesidad,2435.0,422.0,0.17,4.56,95.75,27.96,28.66,26.36,3.57,8.1396249
6018,BARRANCA,PUNTARENAS,PUNTARENAS,combinada,2435.0,873.00,0.36,4.56,95.75,27.96,28.66,26.36,3.57,8.1396249
6019,MONTE VERDE,PUNTARENAS,PUNTARENAS,sobrepeso,166.0,32.00,0.19,2.91,55.74,22.16,26.79,19.75,3.23,8.2434168
6019,MONTE VERDE,PUNTARENAS,PUNTARENAS,combinada,166.0,47.00,0.28,2.91,55.74,22.16,26.79,19.75,3.23,8.2434168
6019,MONTE VERDE,PUNTARENAS,PUNTARENAS,obesidad,166.0,15.0,0.09,2.91,55.74,22.16,26.79,19.75,3.23,8.2434168
6021,ESPIRITU SANTO,PUNTARENAS,ESPARZA,combinada,1376.0,468.00,0.34,3.98,92.25,20.77,24.31,24.07,3.37,9.1828618
6021,ESPIRITU SANTO,PUNTARENAS,ESPARZA,sobrepeso,1376.0,243.00,0.18,3.98,92.25,20.77,24.31,24.07,3.37,9.1828618
6021,ESPIRITU SANTO,PUNTARENAS,ESPARZA,obesidad,1376.0,225.0,0.16,3.98,92.25,20.77,24.31,24.07,3.37,9.1828618
6022,SAN JUAN GRANDE,PUNTARENAS,ESPARZA,combinada,481.0,149.00,0.31,3.98,48.91,36.93,28.16,18.96,3.39,7.6405199
6022,SAN JUAN GRANDE,PUNTARENAS,ESPARZA,sobrepeso,481.0,86.00,0.18,3.98,48.91,36.93,28.16,18.96,3.39,7.6405199
6022,SAN JUAN GRANDE,PUNTARENAS,ESPARZA,obesidad,481.0,63.0,0.13,3.98,48.91,36.93,28.16,18.96,3.39,7.6405199
6023,MACACONA,PUNTARENAS,ESPARZA,obesidad,556.0,88.0,0.16,2.36,81.95,17.69,26.25,20.27,3.4,9.3656922
6023,MACACONA,PUNTARENAS,ESPARZA,combinada,556.0,187.00,0.34,2.36,81.95,17.69,26.25,20.27,3.4,9.3656922
6023,MACACONA,PUNTARENAS,ESPARZA,sobrepeso,556.0,99.00,0.18,2.36,81.95,17.69,26.25,20.27,3.4,9.3656922
6024,SAN RAFAEL,PUNTARENAS,ESPARZA,obesidad,109.0,19.0,0.17,2.37,0.0,21.29,21.17,15.55,3.1,8.239521
6024,SAN RAFAEL,PUNTARENAS,ESPARZA,sobrepeso,109.0,23.00,0.21,2.37,0.0,21.29,21.17,15.55,3.1,8.239521
6024,SAN RAFAEL,PUNTARENAS,ESPARZA,combinada,109.0,42.00,0.39,2.37,0.0,21.29,21.17,15.55,3.1,8.239521
6025,SAN JERONIMO,PUNTARENAS,ESPARZA,obesidad,31.0,4.0,0.13,1.05,0.0,43.8,21.44,13.22,3.06,7.0404412
6025,SAN JERONIMO,PUNTARENAS,ESPARZA,sobrepeso,31.0,7.00,0.23,1.05,0.0,43.8,21.44,13.22,3.06,7.0404412
6025,SAN JERONIMO,PUNTARENAS,ESPARZA,combinada,31.0,11.00,0.35,1.05,0.0,43.8,21.44,13.22,3.06,7.0404412
6031,BUENOS AIRES,PUNTARENAS,BUENOS AIRES,sobrepeso,2065.0,371.00,0.18,3.14,66.61,37.52,32.11,23.75,3.63,7.3692601
6031,BUENOS AIRES,PUNTARENAS,BUENOS AIRES,obesidad,2065.0,193.0,0.09,3.14,66.61,37.52,32.11,23.75,3.63,7.3692601
6031,BUENOS AIRES,PUNTARENAS,BUENOS AIRES,combinada,2065.0,564.00,0.27,3.14,66.61,37.52,32.11,23.75,3.63,7.3692601
6032,VOLCAN,PUNTARENAS,BUENOS AIRES,combinada,236.0,63.00,0.27,4.44,16.12,45.27,29.07,15.7,3.49,6.3756695
6032,VOLCAN,PUNTARENAS,BUENOS AIRES,sobrepeso,236.0,36.00,0.15,4.44,16.12,45.27,29.07,15.7,3.49,6.3756695
6032,VOLCAN,PUNTARENAS,BUENOS AIRES,obesidad,236.0,27.0,0.11,4.44,16.12,45.27,29.07,15.7,3.49,6.3756695
6033,POTRERO GRANDE,PUNTARENAS,BUENOS AIRES,sobrepeso,550.0,105.00,0.19,5.76,11.35,71.07,34.82,17.63,3.65,5.8744162
6033,POTRERO GRANDE,PUNTARENAS,BUENOS AIRES,obesidad,550.0,54.0,0.1,5.76,11.35,71.07,34.82,17.63,3.65,5.8744162
6033,POTRERO GRANDE,PUNTARENAS,BUENOS AIRES,combinada,550.0,159.00,0.29,5.76,11.35,71.07,34.82,17.63,3.65,5.8744162
6034,BORUCA,PUNTARENAS,BUENOS AIRES,sobrepeso,278.0,55.00,0.2,3.11,14.77,64.34,31.1,19.31,3.64,6.6397638
6034,BORUCA,PUNTARENAS,BUENOS AIRES,obesidad,278.0,14.0,0.05,3.11,14.77,64.34,31.1,19.31,3.64,6.6397638
6034,BORUCA,PUNTARENAS,BUENOS AIRES,combinada,278.0,69.00,0.25,3.11,14.77,64.34,31.1,19.31,3.64,6.6397638
6035,PILAS,PUNTARENAS,BUENOS AIRES,sobrepeso,130.0,24.00,0.18,0.2,0.0,81.46,32.25,8.22,3.89,5.7485605
6035,PILAS,PUNTARENAS,BUENOS AIRES,combinada,130.0,36.00,0.28,0.2,0.0,81.46,32.25,8.22,3.89,5.7485605
6035,PILAS,PUNTARENAS,BUENOS AIRES,obesidad,130.0,12.0,0.09,0.2,0.0,81.46,32.25,8.22,3.89,5.7485605
6036,COLINAS,PUNTARENAS,BUENOS AIRES,sobrepeso,81.0,17.00,0.21,0.19,0.0,72.54,28.3,10.33,3.45,5.7735426
6036,COLINAS,PUNTARENAS,BUENOS AIRES,combinada,81.0,23.00,0.28,0.19,0.0,72.54,28.3,10.33,3.45,5.7735426
6036,COLINAS,PUNTARENAS,BUENOS AIRES,obesidad,81.0,6.0,0.07,0.19,0.0,72.54,28.3,10.33,3.45,5.7735426
6037,CHANGUENA,PUNTARENAS,BUENOS AIRES,obesidad,154.0,5.0,0.03,1.87,0.0,74.07,35.58,9.41,4.06,5.2953964
6037,CHANGUENA,PUNTARENAS,BUENOS AIRES,combinada,154.0,25.00,0.16,1.87,0.0,74.07,35.58,9.41,4.06,5.2953964
6037,CHANGUENA,PUNTARENAS,BUENOS AIRES,sobrepeso,154.0,20.00,0.13,1.87,0.0,74.07,35.58,9.41,4.06,5.2953964
6038,BIOLLEY,PUNTARENAS,BUENOS AIRES,combinada,250.0,59.00,0.24,1.2,0.0,56.12,31.12,14.29,3.58,6.2362301
6038,BIOLLEY,PUNTARENAS,BUENOS AIRES,sobrepeso,250.0,45.00,0.18,1.2,0.0,56.12,31.12,14.29,3.58,6.2362301
6038,BIOLLEY,PUNTARENAS,BUENOS AIRES,obesidad,250.0,14.0,0.06,1.2,0.0,56.12,31.12,14.29,3.58,6.2362301
6039,BRUNKA,PUNTARENAS,BUENOS AIRES,sobrepeso,293.0,63.00,0.22,6.6,40.16,50.17,32.95,19.03,3.71,5.8748833
6039,BRUNKA,PUNTARENAS,BUENOS AIRES,obesidad,293.0,28.0,0.1,6.6,40.16,50.17,32.95,19.03,3.71,5.8748833
6039,BRUNKA,PUNTARENAS,BUENOS AIRES,combinada,293.0,91.00,0.31,6.6,40.16,50.17,32.95,19.03,3.71,5.8748833
6041,MIRAMAR,PUNTARENAS,MONTES DE ORO,obesidad,701.0,118.0,0.17,2.0,90.3,20.02,22.48,21.79,3.18,8.8416565
6041,MIRAMAR,PUNTARENAS,MONTES DE ORO,combinada,701.0,257.00,0.37,2.0,90.3,20.02,22.48,21.79,3.18,8.8416565
6041,MIRAMAR,PUNTARENAS,MONTES DE ORO,sobrepeso,701.0,139.00,0.2,2.0,90.3,20.02,22.48,21.79,3.18,8.8416565
6042,LA UNION,PUNTARENAS,MONTES DE ORO,combinada,52.0,11.00,0.21,1.48,0.0,41.5,22.5,13.5,3.12,6.7763441
6042,LA UNION,PUNTARENAS,MONTES DE ORO,obesidad,52.0,6.0,0.12,1.48,0.0,41.5,22.5,13.5,3.12,6.7763441
6042,LA UNION,PUNTARENAS,MONTES DE ORO,sobrepeso,52.0,5.00,0.1,1.48,0.0,41.5,22.5,13.5,3.12,6.7763441
6043,SAN ISIDRO,PUNTARENAS,MONTES DE ORO,obesidad,254.0,43.0,0.17,4.98,40.43,26.54,26.71,19.88,3.43,7.7351263
6043,SAN ISIDRO,PUNTARENAS,MONTES DE ORO,combinada,254.0,87.00,0.34,4.98,40.43,26.54,26.71,19.88,3.43,7.7351263
6043,SAN ISIDRO,PUNTARENAS,MONTES DE ORO,sobrepeso,254.0,44.00,0.17,4.98,40.43,26.54,26.71,19.88,3.43,7.7351263
6051,PUERTO CORTES,PUNTARENAS,OSA,combinada,690.0,244.00,0.35,2.81,58.94,30.75,26.79,23.74,3.22,8.0099111
6051,PUERTO CORTES,PUNTARENAS,OSA,obesidad,690.0,117.0,0.17,2.81,58.94,30.75,26.79,23.74,3.22,8.0099111
6051,PUERTO CORTES,PUNTARENAS,OSA,sobrepeso,690.0,127.00,0.18,2.81,58.94,30.75,26.79,23.74,3.22,8.0099111
6052,PALMAR,PUNTARENAS,OSA,obesidad,680.0,115.0,0.17,3.39,50.02,36.77,27.19,22.82,3.38,7.585318
6052,PALMAR,PUNTARENAS,OSA,combinada,680.0,229.00,0.34,3.39,50.02,36.77,27.19,22.82,3.38,7.585318
6052,PALMAR,PUNTARENAS,OSA,sobrepeso,680.0,114.00,0.17,3.39,50.02,36.77,27.19,22.82,3.38,7.585318
6053,SIERPE,PUNTARENAS,OSA,combinada,250.0,74.00,0.3,2.41,19.57,61.36,27.02,14.22,3.12,6.1814921
6053,SIERPE,PUNTARENAS,OSA,obesidad,250.0,29.0,0.12,2.41,19.57,61.36,27.02,14.22,3.12,6.1814921
6053,SIERPE,PUNTARENAS,OSA,sobrepeso,250.0,45.00,0.18,2.41,19.57,61.36,27.02,14.22,3.12,6.1814921
6054,BAHIA BALLENA,PUNTARENAS,OSA,sobrepeso,370.0,69.00,0.19,2.44,6.02,48.03,28.04,16.46,2.96,7.5679785
6054,BAHIA BALLENA,PUNTARENAS,OSA,obesidad,370.0,44.0,0.12,2.44,6.02,48.03,28.04,16.46,2.96,7.5679785
6054,BAHIA BALLENA,PUNTARENAS,OSA,combinada,370.0,113.00,0.31,2.44,6.02,48.03,28.04,16.46,2.96,7.5679785
6055,PIEDRAS BLANCAS,PUNTARENAS,OSA,obesidad,486.0,56.0,0.12,3.5,13.77,53.26,26.78,17.02,3.36,6.383515
6055,PIEDRAS BLANCAS,PUNTARENAS,OSA,sobrepeso,486.0,76.00,0.16,3.5,13.77,53.26,26.78,17.02,3.36,6.383515
6055,PIEDRAS BLANCAS,PUNTARENAS,OSA,combinada,486.0,132.00,0.27,3.5,13.77,53.26,26.78,17.02,3.36,6.383515
6061,QUEPOS,PUNTARENAS,QUEPOS,sobrepeso,1455.0,263.00,0.18,4.25,64.99,27.37,26.09,18.91,3.28,7.9919567
6061,QUEPOS,PUNTARENAS,QUEPOS,combinada,1455.0,498.00,0.34,4.25,64.99,27.37,26.09,18.91,3.28,7.9919567
6061,QUEPOS,PUNTARENAS,QUEPOS,obesidad,1455.0,235.0,0.16,4.25,64.99,27.37,26.09,18.91,3.28,7.9919567
6062,SAVEGRE,PUNTARENAS,QUEPOS,combinada,315.0,106.00,0.34,2.2,10.97,46.12,26.64,11.39,3.18,6.8696035
6062,SAVEGRE,PUNTARENAS,QUEPOS,sobrepeso,315.0,68.00,0.22,2.2,10.97,46.12,26.64,11.39,3.18,6.8696035
6062,SAVEGRE,PUNTARENAS,QUEPOS,obesidad,315.0,38.0,0.12,2.2,10.97,46.12,26.64,11.39,3.18,6.8696035
6063,NARANJITO,PUNTARENAS,QUEPOS,sobrepeso,327.0,60.00,0.18,4.27,24.64,32.19,26.92,13.25,3.22,7.361949
6063,NARANJITO,PUNTARENAS,QUEPOS,obesidad,327.0,66.0,0.2,4.27,24.64,32.19,26.92,13.25,3.22,7.361949
6063,NARANJITO,PUNTARENAS,QUEPOS,combinada,327.0,126.00,0.39,4.27,24.64,32.19,26.92,13.25,3.22,7.361949
6071,GOLFITO,PUNTARENAS,GOLFITO,sobrepeso,735.0,133.00,0.18,4.79,67.33,36.74,26.42,25.71,3.28,8.3408773
6071,GOLFITO,PUNTARENAS,GOLFITO,obesidad,735.0,90.0,0.12,4.79,67.33,36.74,26.42,25.71,3.28,8.3408773
6071,GOLFITO,PUNTARENAS,GOLFITO,combinada,735.0,223.00,0.3,4.79,67.33,36.74,26.42,25.71,3.28,8.3408773
6072,PUERTO JIMENEZ,PUNTARENAS,GOLFITO,sobrepeso,1015.0,168.00,0.17,4.08,34.54,36.98,28.8,19.25,3.09,7.0199601
6072,PUERTO JIMENEZ,PUNTARENAS,GOLFITO,obesidad,1015.0,142.0,0.14,4.08,34.54,36.98,28.8,19.25,3.09,7.0199601
6072,PUERTO JIMENEZ,PUNTARENAS,GOLFITO,combinada,1015.0,310.00,0.31,4.08,34.54,36.98,28.8,19.25,3.09,7.0199601
6073,GUAYCARA,PUNTARENAS,GOLFITO,combinada,1098.0,371.00,0.34,2.95,54.96,39.1,27.97,20.5,3.35,7.8631852
6073,GUAYCARA,PUNTARENAS,GOLFITO,obesidad,1098.0,153.0,0.14,2.95,54.96,39.1,27.97,20.5,3.35,7.8631852
6073,GUAYCARA,PUNTARENAS,GOLFITO,sobrepeso,1098.0,218.00,0.2,2.95,54.96,39.1,27.97,20.5,3.35,7.8631852
6074,PAVON,PUNTARENAS,GOLFITO,obesidad,673.0,64.0,0.1,2.18,10.23,54.21,32.15,13.95,3.62,6.3672544
6074,PAVON,PUNTARENAS,GOLFITO,combinada,673.0,234.00,0.35,2.18,10.23,54.21,32.15,13.95,3.62,6.3672544
6074,PAVON,PUNTARENAS,GOLFITO,sobrepeso,673.0,170.00,0.25,2.18,10.23,54.21,32.15,13.95,3.62,6.3672544
6081,SAN VITO,PUNTARENAS,COTO BRUS,sobrepeso,1507.0,291.00,0.19,2.28,37.14,28.42,28.88,23.87,3.35,7.6529871
6081,SAN VITO,PUNTARENAS,COTO BRUS,combinada,1507.0,467.00,0.31,2.28,37.14,28.42,28.88,23.87,3.35,7.6529871
6081,SAN VITO,PUNTARENAS,COTO BRUS,obesidad,1507.0,176.0,0.12,2.28,37.14,28.42,28.88,23.87,3.35,7.6529871
6082,SABALITO,PUNTARENAS,COTO BRUS,sobrepeso,1270.0,341.00,0.27,1.6,18.6,34.89,31.41,17.61,3.52,6.810466
6082,SABALITO,PUNTARENAS,COTO BRUS,combinada,1270.0,489.00,0.39,1.6,18.6,34.89,31.41,17.61,3.52,6.810466
6082,SABALITO,PUNTARENAS,COTO BRUS,obesidad,1270.0,148.0,0.12,1.6,18.6,34.89,31.41,17.61,3.52,6.810466
6083,AGUABUENA,PUNTARENAS,COTO BRUS,sobrepeso,643.0,112.00,0.17,3.7,20.47,34.99,28.56,17.82,3.44,7.4633289
6083,AGUABUENA,PUNTARENAS,COTO BRUS,obesidad,643.0,64.0,0.1,3.7,20.47,34.99,28.56,17.82,3.44,7.4633289
6083,AGUABUENA,PUNTARENAS,COTO BRUS,combinada,643.0,176.00,0.27,3.7,20.47,34.99,28.56,17.82,3.44,7.4633289
6084,LIMONCITO,PUNTARENAS,COTO BRUS,sobrepeso,606.0,162.00,0.27,1.75,0.0,60.34,36.29,19.94,3.85,6.0110827
6084,LIMONCITO,PUNTARENAS,COTO BRUS,combinada,606.0,216.00,0.36,1.75,0.0,60.34,36.29,19.94,3.85,6.0110827
6084,LIMONCITO,PUNTARENAS,COTO BRUS,obesidad,606.0,54.0,0.09,1.75,0.0,60.34,36.29,19.94,3.85,6.0110827
6085,PITTIER,PUNTARENAS,COTO BRUS,combinada,290.0,85.00,0.29,1.66,0.0,47.15,31.65,9.59,3.57,5.7394767
6085,PITTIER,PUNTARENAS,COTO BRUS,obesidad,290.0,27.0,0.09,1.66,0.0,47.15,31.65,9.59,3.57,5.7394767
6085,PITTIER,PUNTARENAS,COTO BRUS,sobrepeso,290.0,58.00,0.2,1.66,0.0,47.15,31.65,9.59,3.57,5.7394767
6091,PARRITA,PUNTARENAS,PARRITA,obesidad,1331.0,201.0,0.15,3.28,53.24,34.32,26.42,18.7,3.26,7.1178087
6091,PARRITA,PUNTARENAS,PARRITA,sobrepeso,1331.0,249.00,0.19,3.28,53.24,34.32,26.42,18.7,3.26,7.1178087
6091,PARRITA,PUNTARENAS,PARRITA,combinada,1331.0,450.00,0.34,3.28,53.24,34.32,26.42,18.7,3.26,7.1178087
6101,CORREDOR,PUNTARENAS,CORREDORES,sobrepeso,1548.0,345.00,0.22,2.53,64.33,36.13,28.25,21.82,3.41,8.291958
6101,CORREDOR,PUNTARENAS,CORREDORES,obesidad,1548.0,233.0,0.15,2.53,64.33,36.13,28.25,21.82,3.41,8.291958
6101,CORREDOR,PUNTARENAS,CORREDORES,combinada,1548.0,578.00,0.37,2.53,64.33,36.13,28.25,21.82,3.41,8.291958
6102,LA CUESTA,PUNTARENAS,CORREDORES,combinada,357.0,150.00,0.42,1.83,49.21,37.45,28.44,23.37,3.39,8.2204111
6102,LA CUESTA,PUNTARENAS,CORREDORES,sobrepeso,357.0,78.00,0.22,1.83,49.21,37.45,28.44,23.37,3.39,8.2204111
6102,LA CUESTA,PUNTARENAS,CORREDORES,obesidad,357.0,72.0,0.2,1.83,49.21,37.45,28.44,23.37,3.39,8.2204111
6103,CANOAS,PUNTARENAS,CORREDORES,combinada,1113.0,402.00,0.36,2.32,61.87,32.42,30.83,24.75,3.53,7.7803884
6103,CANOAS,PUNTARENAS,CORREDORES,obesidad,1113.0,181.0,0.16,2.32,61.87,32.42,30.83,24.75,3.53,7.7803884
6103,CANOAS,PUNTARENAS,CORREDORES,sobrepeso,1113.0,221.00,0.2,2.32,61.87,32.42,30.83,24.75,3.53,7.7803884
6104,LAUREL,PUNTARENAS,CORREDORES,sobrepeso,749.0,137.00,0.18,1.59,14.32,41.12,29.59,16.18,3.5,6.5804285
6104,LAUREL,PUNTARENAS,CORREDORES,obesidad,749.0,88.0,0.12,1.59,14.32,41.12,29.59,16.18,3.5,6.5804285
6104,LAUREL,PUNTARENAS,CORREDORES,combinada,749.0,225.00,0.3,1.59,14.32,41.12,29.59,16.18,3.5,6.5804285
6111,JACO,PUNTARENAS,GARABITO,obesidad,1435.0,231.0,0.16,3.98,81.53,33.56,29.14,19.6,3.18,8.0913188
6111,JACO,PUNTARENAS,GARABITO,sobrepeso,1435.0,276.00,0.19,3.98,81.53,33.56,29.14,19.6,3.18,8.0913188
6111,JACO,PUNTARENAS,GARABITO,combinada,1435.0,507.00,0.35,3.98,81.53,33.56,29.14,19.6,3.18,8.0913188
6112,TARCOLES,PUNTARENAS,GARABITO,sobrepeso,505.0,95.00,0.19,2.82,55.34,27.08,28.5,16.71,3.25,7.1415975
6112,TARCOLES,PUNTARENAS,GARABITO,combinada,505.0,188.00,0.37,2.82,55.34,27.08,28.5,16.71,3.25,7.1415975
6112,TARCOLES,PUNTARENAS,GARABITO,obesidad,505.0,93.0,0.18,2.82,55.34,27.08,28.5,16.71,3.25,7.1415975
7011,LIMON,LIMON,LIMON,sobrepeso,6102.0,"1,152.00",0.19,5.3,98.32,24.75,28.34,28.19,3.34,9.4084251
7011,LIMON,LIMON,LIMON,obesidad,6102.0,936.0,0.15,5.3,98.32,24.75,28.34,28.19,3.34,9.4084251
7011,LIMON,LIMON,LIMON,combinada,6102.0,"2,088.00",0.34,5.3,98.32,24.75,28.34,28.19,3.34,9.4084251
7012,VALLE DE LA ESTRELLA,LIMON,LIMON,combinada,2225.0,506.00,0.23,3.76,10.12,70.22,36.69,14.74,3.91,5.6467991
7012,VALLE DE LA ESTRELLA,LIMON,LIMON,obesidad,2225.0,189.0,0.08,3.76,10.12,70.22,36.69,14.74,3.91,5.6467991
7012,VALLE DE LA ESTRELLA,LIMON,LIMON,sobrepeso,2225.0,317.00,0.14,3.76,10.12,70.22,36.69,14.74,3.91,5.6467991
7013,RIO BLANCO,LIMON,LIMON,combinada,878.0,227.00,0.26,5.88,51.57,37.89,32.39,20.87,3.66,7.4296407
7013,RIO BLANCO,LIMON,LIMON,obesidad,878.0,95.0,0.11,5.88,51.57,37.89,32.39,20.87,3.66,7.4296407
7013,RIO BLANCO,LIMON,LIMON,sobrepeso,878.0,132.00,0.15,5.88,51.57,37.89,32.39,20.87,3.66,7.4296407
7014,MATAMA,LIMON,LIMON,combinada,837.0,249.00,0.3,4.59,14.59,42.17,32.15,17.89,3.44,7.2531172
7014,MATAMA,LIMON,LIMON,sobrepeso,837.0,134.00,0.16,4.59,14.59,42.17,32.15,17.89,3.44,7.2531172
7014,MATAMA,LIMON,LIMON,obesidad,837.0,115.0,0.14,4.59,14.59,42.17,32.15,17.89,3.44,7.2531172
7021,GUAPILES,LIMON,POCOCI,obesidad,3415.0,543.0,0.16,3.14,86.59,19.41,26.93,23.47,3.32,8.9064666
7021,GUAPILES,LIMON,POCOCI,sobrepeso,3415.0,675.00,0.2,3.14,86.59,19.41,26.93,23.47,3.32,8.9064666
7021,GUAPILES,LIMON,POCOCI,combinada,3415.0,"1,218.00",0.36,3.14,86.59,19.41,26.93,23.47,3.32,8.9064666
7022,JIMENES,LIMON,POCOCI,obesidad,1177.0,161.0,0.14,4.5,44.44,26.03,29.6,20.52,3.39,7.8767698
7022,JIMENES,LIMON,POCOCI,combinada,1177.0,401.00,0.34,4.5,44.44,26.03,29.6,20.52,3.39,7.8767698
7022,JIMENES,LIMON,POCOCI,sobrepeso,1177.0,240.00,0.2,4.5,44.44,26.03,29.6,20.52,3.39,7.8767698
7023,RITA,LIMON,POCOCI,obesidad,2115.0,289.0,0.14,5.51,33.84,42.66,29.03,17.43,3.41,6.4238703
7023,RITA,LIMON,POCOCI,combinada,2115.0,685.00,0.32,5.51,33.84,42.66,29.03,17.43,3.41,6.4238703
7023,RITA,LIMON,POCOCI,sobrepeso,2115.0,396.00,0.19,5.51,33.84,42.66,29.03,17.43,3.41,6.4238703
7024,ROXANA,LIMON,POCOCI,obesidad,1368.0,155.0,0.11,4.63,39.74,43.86,29.95,15.92,3.53,6.4048817
7024,ROXANA,LIMON,POCOCI,combinada,1368.0,383.00,0.28,4.63,39.74,43.86,29.95,15.92,3.53,6.4048817
7024,ROXANA,LIMON,POCOCI,sobrepeso,1368.0,228.00,0.17,4.63,39.74,43.86,29.95,15.92,3.53,6.4048817
7025,CARIARI,LIMON,POCOCI,sobrepeso,2592.0,455.00,0.18,5.67,66.05,37.55,29.42,21.71,3.44,6.8210926
7025,CARIARI,LIMON,POCOCI,obesidad,2592.0,348.0,0.13,5.67,66.05,37.55,29.42,21.71,3.44,6.8210926
7025,CARIARI,LIMON,POCOCI,combinada,2592.0,803.00,0.31,5.67,66.05,37.55,29.42,21.71,3.44,6.8210926
7026,COLORADO,LIMON,POCOCI,obesidad,313.0,22.0,0.07,2.07,22.74,46.94,31.17,13.5,3.17,6.5289796
7026,COLORADO,LIMON,POCOCI,combinada,313.0,88.00,0.28,2.07,22.74,46.94,31.17,13.5,3.17,6.5289796
7026,COLORADO,LIMON,POCOCI,sobrepeso,313.0,66.00,0.21,2.07,22.74,46.94,31.17,13.5,3.17,6.5289796
7031,SIQUIRRES,LIMON,SIQUIRRES,sobrepeso,3116.0,568.00,0.18,3.76,66.07,32.16,29.1,21.1,3.39,7.5318547
7031,SIQUIRRES,LIMON,SIQUIRRES,obesidad,3116.0,417.0,0.13,3.76,66.07,32.16,29.1,21.1,3.39,7.5318547
7031,SIQUIRRES,LIMON,SIQUIRRES,combinada,3116.0,985.00,0.32,3.76,66.07,32.16,29.1,21.1,3.39,7.5318547
7032,PACUARITO,LIMON,SIQUIRRES,combinada,618.0,190.00,0.31,3.37,41.18,57.42,30.6,11.08,3.56,6.5283422
7032,PACUARITO,LIMON,SIQUIRRES,sobrepeso,618.0,108.00,0.17,3.37,41.18,57.42,30.6,11.08,3.56,6.5283422
7032,PACUARITO,LIMON,SIQUIRRES,obesidad,618.0,82.0,0.13,3.37,41.18,57.42,30.6,11.08,3.56,6.5283422
7033,FLORIDA,LIMON,SIQUIRRES,sobrepeso,142.0,20.00,0.14,3.54,37.09,40.5,25.96,13.71,3.4,6.8455497
7033,FLORIDA,LIMON,SIQUIRRES,obesidad,142.0,16.0,0.11,3.54,37.09,40.5,25.96,13.71,3.4,6.8455497
7033,FLORIDA,LIMON,SIQUIRRES,combinada,142.0,36.00,0.25,3.54,37.09,40.5,25.96,13.71,3.4,6.8455497
7034,GERMANIA,LIMON,SIQUIRRES,obesidad,375.0,63.0,0.17,2.33,53.99,30.68,25.86,17.49,3.23,7.0387244
7034,GERMANIA,LIMON,SIQUIRRES,sobrepeso,375.0,72.00,0.19,2.33,53.99,30.68,25.86,17.49,3.23,7.0387244
7034,GERMANIA,LIMON,SIQUIRRES,combinada,375.0,135.00,0.36,2.33,53.99,30.68,25.86,17.49,3.23,7.0387244
7035,EL CAIRO,LIMON,SIQUIRRES,sobrepeso,533.0,87.00,0.16,4.01,54.85,37.24,30.17,19.05,3.48,6.9687055
7035,EL CAIRO,LIMON,SIQUIRRES,obesidad,533.0,47.0,0.09,4.01,54.85,37.24,30.17,19.05,3.48,6.9687055
7035,EL CAIRO,LIMON,SIQUIRRES,combinada,533.0,134.00,0.25,4.01,54.85,37.24,30.17,19.05,3.48,6.9687055
7036,LA ALEGRIA,LIMON,SIQUIRRES,combinada,542.0,143.00,0.26,3.33,10.38,27.59,29.79,20.74,3.37,7.5777228
7036,LA ALEGRIA,LIMON,SIQUIRRES,obesidad,542.0,59.0,0.11,3.33,10.38,27.59,29.79,20.74,3.37,7.5777228
7036,LA ALEGRIA,LIMON,SIQUIRRES,sobrepeso,542.0,84.00,0.15,3.33,10.38,27.59,29.79,20.74,3.37,7.5777228
7041,BRATSI,LIMON,TALAMANCA,combinada,1066.0,376.00,0.35,1.85,12.09,47.7,35.01,21.8,3.65,6.8007598
7041,BRATSI,LIMON,TALAMANCA,sobrepeso,1066.0,239.00,0.22,1.85,12.09,47.7,35.01,21.8,3.65,6.8007598
7041,BRATSI,LIMON,TALAMANCA,obesidad,1066.0,137.0,0.13,1.85,12.09,47.7,35.01,21.8,3.65,6.8007598
7042,SIXAOLA,LIMON,TALAMANCA,sobrepeso,1142.0,267.00,0.23,2.57,38.68,56.99,37.28,13.93,3.98,6.4457143
7042,SIXAOLA,LIMON,TALAMANCA,obesidad,1142.0,131.0,0.11,2.57,38.68,56.99,37.28,13.93,3.98,6.4457143
7042,SIXAOLA,LIMON,TALAMANCA,combinada,1142.0,398.00,0.35,2.57,38.68,56.99,37.28,13.93,3.98,6.4457143
7043,CAHUITA,LIMON,TALAMANCA,sobrepeso,783.0,153.00,0.2,4.74,28.69,48.33,31.44,20.17,3.22,8.2924528
7043,CAHUITA,LIMON,TALAMANCA,obesidad,783.0,122.0,0.16,4.74,28.69,48.33,31.44,20.17,3.22,8.2924528
7043,CAHUITA,LIMON,TALAMANCA,combinada,783.0,275.00,0.35,4.74,28.69,48.33,31.44,20.17,3.22,8.2924528
7044,TELIRE,LIMON,TALAMANCA,combinada,432.0,115.00,0.27,1.96,7.76,73.8,37.52,15.32,4.32,5.5616
7044,TELIRE,LIMON,TALAMANCA,sobrepeso,432.0,87.00,0.2,1.96,7.76,73.8,37.52,15.32,4.32,5.5616
7044,TELIRE,LIMON,TALAMANCA,obesidad,432.0,28.0,0.06,1.96,7.76,73.8,37.52,15.32,4.32,5.5616
7051,MATINA,LIMON,MATINA,combinada,816.0,228.00,0.28,5.34,47.63,48.93,32.4,17.3,3.61,6.5321345
7051,MATINA,LIMON,MATINA,obesidad,816.0,81.0,0.1,5.34,47.63,48.93,32.4,17.3,3.61,6.5321345
7051,MATINA,LIMON,MATINA,sobrepeso,816.0,147.00,0.18,5.34,47.63,48.93,32.4,17.3,3.61,6.5321345
7052,BATAN,LIMON,MATINA,sobrepeso,1654.0,283.00,0.17,4.89,54.23,43.29,31.41,18.75,3.48,7.3119842
7052,BATAN,LIMON,MATINA,combinada,1654.0,486.00,0.29,4.89,54.23,43.29,31.41,18.75,3.48,7.3119842
7052,BATAN,LIMON,MATINA,obesidad,1654.0,203.0,0.12,4.89,54.23,43.29,31.41,18.75,3.48,7.3119842
7053,CARRANDI,LIMON,MATINA,sobrepeso,1153.0,203.00,0.18,3.02,48.76,46.49,31.76,14.1,3.45,6.5619551
7053,CARRANDI,LIMON,MATINA,combinada,1153.0,330.00,0.29,3.02,48.76,46.49,31.76,14.1,3.45,6.5619551
7053,CARRANDI,LIMON,MATINA,obesidad,1153.0,127.0,0.11,3.02,48.76,46.49,31.76,14.1,3.45,6.5619551
7061,GUACIMO,LIMON,GUACIMO,sobrepeso,1923.0,299.00,0.16,3.88,54.93,27.24,29.5,22.81,3.37,7.463022
7061,GUACIMO,LIMON,GUACIMO,obesidad,1923.0,208.0,0.11,3.88,54.93,27.24,29.5,22.81,3.37,7.463022
7061,GUACIMO,LIMON,GUACIMO,combinada,1923.0,507.00,0.26,3.88,54.93,27.24,29.5,22.81,3.37,7.463022
7062,MERCEDES,LIMON,GUACIMO,combinada,132.0,37.00,0.28,4.36,57.23,34.01,21.68,20.72,3.26,8.6806597
7062,MERCEDES,LIMON,GUACIMO,obesidad,132.0,10.0,0.08,4.36,57.23,34.01,21.68,20.72,3.26,8.6806597
7062,MERCEDES,LIMON,GUACIMO,sobrepeso,132.0,27.00,0.2,4.36,57.23,34.01,21.68,20.72,3.26,8.6806597
7063,POCORA,LIMON,GUACIMO,sobrepeso,640.0,102.00,0.16,4.59,80.16,33.4,28.0,22.6,3.33,6.7283951
7063,POCORA,LIMON,GUACIMO,obesidad,640.0,62.0,0.1,4.59,80.16,33.4,28.0,22.6,3.33,6.7283951
7063,POCORA,LIMON,GUACIMO,combinada,640.0,164.00,0.26,4.59,80.16,33.4,28.0,22.6,3.33,6.7283951
7064,RIO JIMENES,LIMON,GUACIMO,obesidad,936.0,120.0,0.13,3.76,32.88,41.13,30.49,18.34,3.46,6.407851
7064,RIO JIMENES,LIMON,GUACIMO,combinada,936.0,286.00,0.31,3.76,32.88,41.13,30.49,18.34,3.46,6.407851
7064,RIO JIMENES,LIMON,GUACIMO,sobrepeso,936.0,166.00,0.18,3.76,32.88,41.13,30.49,18.34,3.46,6.407851
7065,DUACARI,LIMON,GUACIMO,obesidad,664.0,68.0,0.1,4.46,16.87,38.94,32.41,14.73,3.53,6.1517588
7065,DUACARI,LIMON,GUACIMO,combinada,664.0,186.00,0.28,4.46,16.87,38.94,32.41,14.73,3.53,6.1517588
7065,DUACARI,LIMON,GUACIMO,sobrepeso,664.0,118.00,0.18,4.46,16.87,38.94,32.41,14.73,3.53,6.1517588
10110,HATILLO,SAN JOSE,SAN JOSE,obesidad,3591.0,617.0,0.17,4.58,100.0,16.02,21.69,33.42,3.54,9.3169634
10110,HATILLO,SAN JOSE,SAN JOSE,sobrepeso,3591.0,796.00,0.22,4.58,100.0,16.02,21.69,33.42,3.54,9.3169634
10110,HATILLO,SAN JOSE,SAN JOSE,combinada,3591.0,"1,413.00",0.39,4.58,100.0,16.02,21.69,33.42,3.54,9.3169634
10111,SAN SEBASTIAN,SAN JOSE,SAN JOSE,obesidad,2404.0,430.0,0.18,4.13,100.0,17.38,21.05,29.73,3.45,9.6310691
10111,SAN SEBASTIAN,SAN JOSE,SAN JOSE,sobrepeso,2404.0,533.00,0.22,4.13,100.0,17.38,21.05,29.73,3.45,9.6310691
10111,SAN SEBASTIAN,SAN JOSE,SAN JOSE,combinada,2404.0,963.00,0.4,4.13,100.0,17.38,21.05,29.73,3.45,9.6310691
10310,DAMAS,SAN JOSE,DESAMPARADOS,sobrepeso,637.0,136.00,0.21,2.66,100.0,12.01,22.57,27.89,3.53,9.4325176
10310,DAMAS,SAN JOSE,DESAMPARADOS,combinada,637.0,253.00,0.4,2.66,100.0,12.01,22.57,27.89,3.53,9.4325176
10310,DAMAS,SAN JOSE,DESAMPARADOS,obesidad,637.0,117.0,0.18,2.66,100.0,12.01,22.57,27.89,3.53,9.4325176
10311,SAN RAFAEL ABAJO,SAN JOSE,DESAMPARADOS,combinada,1531.0,591.00,0.39,3.5,100.0,18.78,23.45,27.56,3.5,9.2877308
10311,SAN RAFAEL ABAJO,SAN JOSE,DESAMPARADOS,obesidad,1531.0,268.0,0.18,3.5,100.0,18.78,23.45,27.56,3.5,9.2877308
10311,SAN RAFAEL ABAJO,SAN JOSE,DESAMPARADOS,sobrepeso,1531.0,323.00,0.21,3.5,100.0,18.78,23.45,27.56,3.5,9.2877308
10312,GRAVILIAS,SAN JOSE,DESAMPARADOS,obesidad,751.0,142.0,0.19,3.6,100.0,8.04,17.73,30.73,3.25,10.8009057
10312,GRAVILIAS,SAN JOSE,DESAMPARADOS,sobrepeso,751.0,188.00,0.25,3.6,100.0,8.04,17.73,30.73,3.25,10.8009057
10312,GRAVILIAS,SAN JOSE,DESAMPARADOS,combinada,751.0,330.00,0.44,3.6,100.0,8.04,17.73,30.73,3.25,10.8009057
10313,LOS GUIDO,SAN JOSE,DESAMPARADOS,sobrepeso,172.0,41.00,0.24,6.4,100.0,36.62,29.95,26.29,4.01,7.2151727
10313,LOS GUIDO,SAN JOSE,DESAMPARADOS,combinada,172.0,63.00,0.37,6.4,100.0,36.62,29.95,26.29,4.01,7.2151727
10313,LOS GUIDO,SAN JOSE,DESAMPARADOS,obesidad,172.0,22.0,0.13,6.4,100.0,36.62,29.95,26.29,4.01,7.2151727
11910,RIO NUEVO,SAN JOSE,PEREZ ZELEDON,sobrepeso,352.0,61.00,0.17,0.9,0.0,63.88,29.24,11.88,3.83,6.3761996
11910,RIO NUEVO,SAN JOSE,PEREZ ZELEDON,obesidad,352.0,41.0,0.12,0.9,0.0,63.88,29.24,11.88,3.83,6.3761996
11910,RIO NUEVO,SAN JOSE,PEREZ ZELEDON,combinada,352.0,102.00,0.29,0.9,0.0,63.88,29.24,11.88,3.83,6.3761996
11911,PARAMO,SAN JOSE,PEREZ ZELEDON,combinada,395.0,104.00,0.26,2.18,0.0,53.06,27.41,13.8,3.64,6.7749054
11911,PARAMO,SAN JOSE,PEREZ ZELEDON,obesidad,395.0,37.0,0.09,2.18,0.0,53.06,27.41,13.8,3.64,6.7749054
11911,PARAMO,SAN JOSE,PEREZ ZELEDON,sobrepeso,395.0,67.00,0.17,2.18,0.0,53.06,27.41,13.8,3.64,6.7749054
20110,DESAMPARADOS,ALAJUELA,ALAJUELA,obesidad,969.0,145.0,0.15,3.7,97.58,20.39,24.29,22.49,3.48,9.2702018
20110,DESAMPARADOS,ALAJUELA,ALAJUELA,sobrepeso,969.0,215.00,0.22,3.7,97.58,20.39,24.29,22.49,3.48,9.2702018
20110,DESAMPARADOS,ALAJUELA,ALAJUELA,combinada,969.0,360.00,0.37,3.7,97.58,20.39,24.29,22.49,3.48,9.2702018
20111,TURRUCARES,ALAJUELA,ALAJUELA,sobrepeso,747.0,156.00,0.21,2.34,64.52,21.49,24.35,15.22,3.57,8.1188567
20111,TURRUCARES,ALAJUELA,ALAJUELA,obesidad,747.0,134.0,0.18,2.34,64.52,21.49,24.35,15.22,3.57,8.1188567
20111,TURRUCARES,ALAJUELA,ALAJUELA,combinada,747.0,290.00,0.39,2.34,64.52,21.49,24.35,15.22,3.57,8.1188567
20112,TAMBOR,ALAJUELA,ALAJUELA,sobrepeso,1258.0,230.00,0.18,2.72,62.21,23.85,25.58,17.72,3.61,8.0014255
20112,TAMBOR,ALAJUELA,ALAJUELA,combinada,1258.0,445.00,0.35,2.72,62.21,23.85,25.58,17.72,3.61,8.0014255
20112,TAMBOR,ALAJUELA,ALAJUELA,obesidad,1258.0,215.0,0.17,2.72,62.21,23.85,25.58,17.72,3.61,8.0014255
20113,GARITA,ALAJUELA,ALAJUELA,combinada,392.0,152.00,0.39,2.9,71.18,16.51,22.78,17.17,3.36,8.7532006
20113,GARITA,ALAJUELA,ALAJUELA,obesidad,392.0,75.0,0.19,2.9,71.18,16.51,22.78,17.17,3.36,8.7532006
20113,GARITA,ALAJUELA,ALAJUELA,sobrepeso,392.0,77.00,0.2,2.9,71.18,16.51,22.78,17.17,3.36,8.7532006
20114,SARAPIQUI,ALAJUELA,ALAJUELA,combinada,108.0,36.00,0.33,1.12,8.8,27.83,26.99,17.9,3.26,7.0802708
20114,SARAPIQUI,ALAJUELA,ALAJUELA,obesidad,108.0,20.0,0.19,1.12,8.8,27.83,26.99,17.9,3.26,7.0802708
20114,SARAPIQUI,ALAJUELA,ALAJUELA,sobrepeso,108.0,16.00,0.15,1.12,8.8,27.83,26.99,17.9,3.26,7.0802708
20210,VOLIO,ALAJUELA,SAN RAMON,obesidad,194.0,24.0,0.12,3.76,16.48,21.74,23.74,17.55,3.52,7.7044674
20210,VOLIO,ALAJUELA,SAN RAMON,combinada,194.0,66.00,0.34,3.76,16.48,21.74,23.74,17.55,3.52,7.7044674
20210,VOLIO,ALAJUELA,SAN RAMON,sobrepeso,194.0,42.00,0.22,3.76,16.48,21.74,23.74,17.55,3.52,7.7044674
20211,CONCEPCION,ALAJUELA,SAN RAMON,sobrepeso,201.0,36.00,0.18,3.46,100.0,25.22,23.89,16.42,3.5,7.2072368
20211,CONCEPCION,ALAJUELA,SAN RAMON,obesidad,201.0,21.0,0.1,3.46,100.0,25.22,23.89,16.42,3.5,7.2072368
20211,CONCEPCION,ALAJUELA,SAN RAMON,combinada,201.0,57.00,0.28,3.46,100.0,25.22,23.89,16.42,3.5,7.2072368
20212,ZAPOTAL,ALAJUELA,SAN RAMON,obesidad,18.0,4.0,0.22,0.58,0.0,52.8,23.27,10.4,3.13,6.1666667
20212,ZAPOTAL,ALAJUELA,SAN RAMON,combinada,18.0,10.00,0.56,0.58,0.0,52.8,23.27,10.4,3.13,6.1666667
20212,ZAPOTAL,ALAJUELA,SAN RAMON,sobrepeso,18.0,6.00,0.33,0.58,0.0,52.8,23.27,10.4,3.13,6.1666667
20213,PEÑAS BLANCAS,ALAJUELA,SAN RAMON,combinada,1073.0,343.00,0.32,3.25,18.44,32.04,31.14,16.18,3.6,6.6987461
20213,PEÑAS BLANCAS,ALAJUELA,SAN RAMON,obesidad,1073.0,130.0,0.12,3.25,18.44,32.04,31.14,16.18,3.6,6.6987461
20213,PEÑAS BLANCAS,ALAJUELA,SAN RAMON,sobrepeso,1073.0,213.00,0.2,3.25,18.44,32.04,31.14,16.18,3.6,6.6987461
21010,VENADO,ALAJUELA,SAN CARLOS,sobrepeso,139.0,32.00,0.23,2.87,0.0,45.77,27.82,12.88,3.37,6.6964286
21010,VENADO,ALAJUELA,SAN CARLOS,obesidad,139.0,23.0,0.17,2.87,0.0,45.77,27.82,12.88,3.37,6.6964286
21010,VENADO,ALAJUELA,SAN CARLOS,combinada,139.0,55.00,0.4,2.87,0.0,45.77,27.82,12.88,3.37,6.6964286
21011,CUTRIS,ALAJUELA,SAN CARLOS,obesidad,957.0,99.0,0.1,3.96,19.67,45.5,32.51,13.79,3.73,6.0981166
21011,CUTRIS,ALAJUELA,SAN CARLOS,combinada,957.0,278.00,0.29,3.96,19.67,45.5,32.51,13.79,3.73,6.0981166
21011,CUTRIS,ALAJUELA,SAN CARLOS,sobrepeso,957.0,179.00,0.19,3.96,19.67,45.5,32.51,13.79,3.73,6.0981166
21012,MONTERREY,ALAJUELA,SAN CARLOS,combinada,344.0,105.00,0.31,2.05,0.0,31.93,28.16,14.08,3.63,6.7287145
21012,MONTERREY,ALAJUELA,SAN CARLOS,sobrepeso,344.0,66.00,0.19,2.05,0.0,31.93,28.16,14.08,3.63,6.7287145
21012,MONTERREY,ALAJUELA,SAN CARLOS,obesidad,344.0,39.0,0.11,2.05,0.0,31.93,28.16,14.08,3.63,6.7287145
21013,POCOSOL,ALAJUELA,SAN CARLOS,sobrepeso,1403.0,256.00,0.18,3.02,23.15,41.67,31.98,15.74,3.8,6.6087457
21013,POCOSOL,ALAJUELA,SAN CARLOS,combinada,1403.0,391.00,0.28,3.02,23.15,41.67,31.98,15.74,3.8,6.6087457
21013,POCOSOL,ALAJUELA,SAN CARLOS,obesidad,1403.0,135.0,0.1,3.02,23.15,41.67,31.98,15.74,3.8,6.6087457
30110,LLANO GRANDE,CARTAGO,CARTAGO,obesidad,502.0,74.0,0.15,1.24,0.0,32.84,25.86,16.72,4.29,6.4897196
30110,LLANO GRANDE,CARTAGO,CARTAGO,combinada,502.0,174.00,0.35,1.24,0.0,32.84,25.86,16.72,4.29,6.4897196
30110,LLANO GRANDE,CARTAGO,CARTAGO,sobrepeso,502.0,100.00,0.2,1.24,0.0,32.84,25.86,16.72,4.29,6.4897196
30111,QUEBRADILLAS,CARTAGO,CARTAGO,sobrepeso,561.0,110.00,0.2,4.46,81.23,28.81,27.58,18.07,3.88,7.4444444
30111,QUEBRADILLAS,CARTAGO,CARTAGO,obesidad,561.0,76.0,0.14,4.46,81.23,28.81,27.58,18.07,3.88,7.4444444
30111,QUEBRADILLAS,CARTAGO,CARTAGO,combinada,561.0,186.00,0.33,4.46,81.23,28.81,27.58,18.07,3.88,7.4444444
30510,TRES EQUIS,CARTAGO,TURRIALBA,combinada,198.0,56.00,0.28,1.16,38.55,33.88,26.05,18.5,3.31,6.4255319
30510,TRES EQUIS,CARTAGO,TURRIALBA,sobrepeso,198.0,35.00,0.18,1.16,38.55,33.88,26.05,18.5,3.31,6.4255319
30510,TRES EQUIS,CARTAGO,TURRIALBA,obesidad,198.0,21.0,0.11,1.16,38.55,33.88,26.05,18.5,3.31,6.4255319
30511,LA ISABEL,CARTAGO,TURRIALBA,combinada,,,,3.63,85.02,25.93,24.62,25.48,3.42,7.470786
30511,LA ISABEL,CARTAGO,TURRIALBA,obesidad,,,,3.63,85.02,25.93,24.62,25.48,3.42,7.470786
30511,LA ISABEL,CARTAGO,TURRIALBA,sobrepeso,,,,3.63,85.02,25.93,24.62,25.48,3.42,7.470786
30512,CHIRRIPO,CARTAGO,TURRIALBA,obesidad,668.0,47.0,0.07,4.09,0.0,90.07,45.09,15.56,5.13,3.7805944
30512,CHIRRIPO,CARTAGO,TURRIALBA,combinada,668.0,121.00,0.18,4.09,0.0,90.07,45.09,15.56,5.13,3.7805944
30512,CHIRRIPO,CARTAGO,TURRIALBA,sobrepeso,668.0,74.00,0.11,4.09,0.0,90.07,45.09,15.56,5.13,3.7805944
60111,COBANO,PUNTARENAS,PUNTARENAS,obesidad,688.0,108.0,0.16,2.8,28.41,33.68,27.38,15.76,3.12,7.9608876
60111,COBANO,PUNTARENAS,PUNTARENAS,combinada,688.0,251.00,0.36,2.8,28.41,33.68,27.38,15.76,3.12,7.9608876
60111,COBANO,PUNTARENAS,PUNTARENAS,sobrepeso,688.0,143.00,0.21,2.8,28.41,33.68,27.38,15.76,3.12,7.9608876
60112,CHACARITA,PUNTARENAS,PUNTARENAS,obesidad,1871.0,265.0,0.14,3.92,100.0,33.77,27.26,25.25,3.44,7.7203652
60112,CHACARITA,PUNTARENAS,PUNTARENAS,sobrepeso,1871.0,321.00,0.17,3.92,100.0,33.77,27.26,25.25,3.44,7.7203652
60112,CHACARITA,PUNTARENAS,PUNTARENAS,combinada,1871.0,586.00,0.31,3.92,100.0,33.77,27.26,25.25,3.44,7.7203652
60113,CHIRA,PUNTARENAS,PUNTARENAS,obesidad,159.0,14.0,0.09,1.81,0.0,38.96,29.0,16.67,3.55,6.7821229
60113,CHIRA,PUNTARENAS,PUNTARENAS,sobrepeso,159.0,32.00,0.2,1.81,0.0,38.96,29.0,16.67,3.55,6.7821229
60113,CHIRA,PUNTARENAS,PUNTARENAS,combinada,159.0,46.00,0.29,1.81,0.0,38.96,29.0,16.67,3.55,6.7821229
60114,ACAPULCO,PUNTARENAS,PUNTARENAS,obesidad,122.0,12.0,0.1,1.94,0.0,25.0,23.38,15.84,3.21,7.0
60114,ACAPULCO,PUNTARENAS,PUNTARENAS,sobrepeso,122.0,23.00,0.19,1.94,0.0,25.0,23.38,15.84,3.21,7.0
60114,ACAPULCO,PUNTARENAS,PUNTARENAS,combinada,122.0,35.00,0.29,1.94,0.0,25.0,23.38,15.84,3.21,7.0
60115,EL ROBLE,PUNTARENAS,PUNTARENAS,sobrepeso,897.0,166.00,0.19,4.08,100.0,25.21,26.46,27.61,3.47,8.9823024
60115,EL ROBLE,PUNTARENAS,PUNTARENAS,obesidad,897.0,145.0,0.16,4.08,100.0,25.21,26.46,27.61,3.47,8.9823024
60115,EL ROBLE,PUNTARENAS,PUNTARENAS,combinada,897.0,311.00,0.35,4.08,100.0,25.21,26.46,27.61,3.47,8.9823024
60116,ARANCIBIA,PUNTARENAS,PUNTARENAS,sobrepeso,73.0,9.00,0.12,0.5,0.0,40.74,22.71,7.41,3.52,6.2162162
60116,ARANCIBIA,PUNTARENAS,PUNTARENAS,combinada,73.0,24.00,0.33,0.5,0.0,40.74,22.71,7.41,3.52,6.2162162
60116,ARANCIBIA,PUNTARENAS,PUNTARENAS,obesidad,73.0,15.0,0.21,0.5,0.0,40.74,22.71,7.41,3.52,6.2162162
